0x20eadfcaf91bd98674ff8fc341d148e1731576a4,752.0890789378277
0xd37f7b32a541d9e423f759dff1dd63181651bd04,51.506289016039574
0xbf370b6e9d97d928497c2f2d72fd74f4d9ca5825,50.3502659622129
0x7fe02ca835b711928505ea6725ccca6dce6db9e7,35.84383971848559
0x6f9bb7e454f5b3eb2310343f0e99269dc2bb8a1d,28.332171248656227
0xc218d847a18e521ae08f49f7c43882b6d1963c60,27.82660601559607
0x17535cc8178936c55b7eba7844dd43e958d45db9,27.720750908430652
0x5a1cae6f827791bf6108049bb0ce72c5dae856f2,25.192042884823696
0x1638e6e26f49c3b9ee48c03daf1097968c837851,19.95160311036316
0x6e185658442ab2a27f86402fc36b379c8ffc76f8,13.642915297580595
0x32b067831860731c4ab591f7762f6eed2df51513,11.685801502405873
0xc11508077ff0afe0f65e250df0a1f2787eab1ba3,11.548014974326653
0x52a5711dc4fe437e81205bfad22ffc43f1818df7,10.650278587136375
0x8feeaa5f3bcc9700fb8d44fc1ba018a958f67bfe,10.330019619563359
0x42869a8455671c419bdcd1905f4966e6d305f216,8.817824134833222
0x60db7b781ca83e0612a81174512d8213f07e6508,8.71942373317458
0xcd3cde8040627dbe6874fac9525bb24422e3f4d4,6.682297469148085
0x6c9c5ce574f160a45bd8411e20fa647c2b112a1e,5.43013713514562
0x983848be568f9bbeaac4190ec3396c0e943b54de,5.241674024034026
0xbdfa4f4492dd7b7cf211209c4791af8d52bf5c50,4.986253812810457
0x2b1d2d290268cb4c4862d4a658f1c2a663c0f79a,4.211612966521226
0x93433264cccb31c80a62b0eee78e37ebbb0377e3,4.051668808720667
0xa00c99f5f955552742f1089ded88abdc74e67bac,3.927950604132322
0x182a15931cf7e4d02c667177aa454ec51b6c7a8a,3.5371397373726574
0xdb9123dc5b366d5b6af249ff463d49f66d4d373a,3.366904510508406
0x3e893426e65cf198d4df266b77cfa46559c815ee,3.2430726259144307
0x6cb286fe6915adbd4f5c08b09841839e66335cfb,3.0229359714342543
0xd9c505b9484283604c1b719c7cb710655ca9970f,2.847194344855005
0x8b8035db08cd7a0173988d2f6d5708ddb5473279,2.8252543597296187
0x98a5aa2d55339710e4d795f83593fc225f8e2bdd,2.823829382015113
0x2816affb6b2e646e2d9f2529c5affed6d13e0c0c,2.7975487403836907
0xfaed78f3a8bc9532c3f10c8ded0e0f5251c42d39,2.6510001637830687
0x689ca2d9beaca70b89afff84bc0c3bae78979b43,2.4292225824916995
0x30043aabbcebbd887437ec4f0cfe6d4c0eb5cc64,2.425314323705489
0x6630a2af9f49c14c6bedeac703eb56316bd0e950,2.2477551860963048
0xd2d749354338c06b1d163f2e4235a9f6160e5aca,2.1894457852277633
0xbddff9b7f0930d648161eacc10645453502f3c70,2.121575832173522
0x5bb6f3431585aba50ca5cf670d2dfd68f8f932f3,2.104064040120953
0x28431a1446c86434ded04f7f8ba6808649329f4d,2.0301411695432927
0x037ce225946fc6b419e768abc7e5f03356bb887b,2.008346056294008
0xd1c7e186db14da035e1f0e218123579b3535304e,1.9721107666678643
0x51b3a21c89292e3b1e4be7659be7c435035a972f,1.9692507258830703
0x5fbed17c2f17a3cca5b063c233ca7313eca00630,1.9453937214884918
0x778549eb292ac98a96a05e122967f22efa003707,1.7888272474232103
0x13772ffc3fc23f5845f8863b68f3e3231f48893e,1.5213053112884722
0x7a2103b377f02291ac22565ec0b8a85096e1c717,1.4418857287308506
0x39022d3441af8811efa96b4e02eb8d9e1a16abca,1.4403797524555069
0xbb67405f999f31d6ea181d1481859a9f889b4e57,1.4380065753810682
0x37830843a2eb2e636e2e6ac5503f1dbbcc9e8f51,1.412217066133226
0x3d56de91f46c9a5e33f98a92cddb22118c770720,1.404760565081828
0xa1671a34c5066eef436d0eedfa96f78d6c0d9d4f,1.3871963107732574
0x662b7c11e20547026f2c10403958b81dd64e9a38,1.3842501016610458
0x127be2424ecedcb9248c167ccc57c9c09b55fdf0,1.148012760964087
0xb3f23740cd908e6d8aab746d7dd41c8765017dc8,1.1267257671163864
0xff3f8d57c190330338724b3696c3cb5839ce2e9c,1.1235265873095261
0x050cea859b5a93ac7bd4db4572fb7d90b7c63cac,1.0254068020584535
0x839d195bf635e222893c6516329235e904f8b3cf,0.9932553758410786
0x1201be09fe51ceedd730285f7c1ca8d4b5f5a519,0.9238860555140578
0x5e216cecb65e1e1b86fe8c46c730af287c4492dc,0.8805672337576914
0x9d2dcc1b6a86fad7e73e784e0c50a1f1ee6b0d83,0.8543767107441967
0x3409b624bf7af290a9cb795103be5ce02e1cfdf1,0.8249653916292051
0xb7794a8a3d4c2945684346f0a3281209478a01e1,0.8032088332436422
0x730fac4c4ff284434ef81072341100bb02c2fa49,0.7792748265372238
0xa325853f58affb9810b1e0144f119741b5ca4b5a,0.7489450788546903
0x2517761dcce63ba3490f4644f26bc3053e90bd3a,0.7326257375286893
0x8d3f5041969b323824e144ade6375cbc5fb7bf57,0.718281895757446
0x299c437702b2ee9ad9dc27f95d294b4559462ef4,0.706730304838775
0x2819c8a2eed2d61499a41ef6f8138e787f3f5500,0.6942681806231121
0x1ae3d567efa78eb59a24e05ec3391c701d5a17eb,0.6693611318310912
0x92fcd9564f273c5d8fac8870e0ea29e0550265c7,0.6395506736315766
0x9e2178376af13dbb3d939fa62a8d33bf74912e3d,0.6376095986772421
0x5af0c6ca4564bd94c7a49564f7c2d67d66ca891d,0.621171458570432
0x1a11a225a53f59ccbcc6f88a6b83b06c23c42214,0.6120723325730261
0x48c0e22cade321ee3ba22f9606af3e4ca7090601,0.5374622432379108
0x50ef6d20dfe998ee403bf4127ec07d9f832fe10f,0.48527506300733964
0xf08b78ba2bdd1d1ee27642f15844139c4bd3b697,0.46255775186681575
0x7fb289978970f10853c850ca547e599a27eafcf1,0.444400720164413
0xa7f569e019328c4c2774acefcb8b4862146cedca,0.43029445911291736
0x78b676664dd3b29f247070f7317321861703d461,0.42459529527742856
0xb1c10941bcc0627e9434416304d6da8b3f7255f0,0.4010614515581552
0x7b352628fe891148c33dc501010608f43fa259a3,0.39477886165316256
0xa9346de97ea8f5b2ce89aba9834424d2f799b493,0.3941247504844172
0xdbe17ce4f29598d399f4a0e948861506eee90cd2,0.374820605983291
0xd7540cd8f96903d23a2708931dddfc650d253c47,0.3734629661856787
0xcc9250f57ef36a46efa923e1d6f1c3c2d40bc78f,0.36816541854709806
0x3b326b5527b705ce9dddb276d6342506d043a607,0.3621637539194242
0x10d055564c14350e77dfe6ab5fdc6d9e6362eca4,0.3590562079943485
0xe311f0bc293683a911f502705281b22a46701872,0.35418346701900294
0x5edb3a936ac2560d5cfcdffd162919c6d9bec70a,0.3468483477239457
0xbfa17175696d1c9271b05826919691f38607ffd7,0.3034601146154353
0x8cf0f4f9e131c0fd8996c723fd2920da7debf5b2,0.2928780022415011
0xcbe19f73fedd492a10339c431db4eda6ec6eea32,0.28893277019262953
0x3997b25296c0d3d2706b4e59b298e943a0bb42f1,0.28715361026178726
0x57971ad4b95f8a7c6f7e62e56fce0fc2b76460c1,0.28678433077483223
0x63980d84831b4dd30d0e3626f38798755e72a5f2,0.2867302321024702
0x29dccd941d6ea3c265df67102f0154be02ccab06,0.28663154040957667
0xac12b8ed1a3fc4da193fb08f218e6cb95575571a,0.2849353349229732
0x0b8cef085e20061b6b2a081b5e1c045e09fafd88,0.2837694365207876
0x863355ae0975800d21186a274547c4b48a48cfd1,0.2837642503709503
0x34c5f5f6719c545fdaa21a8084acf7a4c87fd08e,0.28341449984482664
0x40fe08e87de3262f5c30ed87325def5f9ce6f64f,0.282029841761566
0x8e8f651efd439439eba920766e298959de505b2c,0.28016599444157
0x8fcb238c1cffbe85ba4d4d6ca7572f545e1f4032,0.27829328598096825
0x2953d4a9c12906e5ab3cad627f8b52e3b7ffc963,0.2779855003598312
0x150a3b0f356d856cd1168e311fe3e58213b9d26e,0.2777028843248586
0x0d87eb3f8c744a1c74c17b54ddfbb4e23407d3da,0.27026471180226297
0x1b8d65dcad712e1d0470fa8fd1f00956c2bc43c1,0.27012294957572214
0x8c2ff1abb421c61175ad31dd31b43cdaa218a756,0.26904859394828345
0x357d9266f524f6be5e3d9de9c4d344aa1ea194b8,0.26739400196801993
0xe223cf83bfbcd7eb8a496c4a3d9808b9ba26c235,0.2672739865376475
0x72f5fa348168bb0b796a3b09e861f0301be88d99,0.26408388898241003
0x33a8e6ed62c6b5f9127c04cd237b26ac508fd556,0.25584775728756687
0xbd389246cc4cb531f2877a4c39282c4d541e71b0,0.2535850084124071
0x2ebdcca663bec249867413cc9ff0969185411667,0.2535341170405755
0xbacd5b0725388a08b7df2b8a2cdae35f9d88481d,0.2526309792804204
0x7e76e867018fc1604c611c2733914311a8412ef4,0.25207826595461696
0x54c375c481f95ba43e2cecd6ef30631f55518f57,0.2492068800712702
0xf91a1142d9e4910fb5e6ea3b965440a1dcef12fe,0.24908329533508483
0x9a3644f299b425834071c5e96ac3cdf7d7cf3ac8,0.24865285375778123
0x0a9310779b5efe189aea49a17c58ea4d65b82cec,0.24307226480350483
0x69c7a05d343c8ab35a2fee1247d09b8d2f23c0c4,0.23050037462074033
0x9ad2fdc0c515c2fe5358acd8b641f799e64e0c5c,0.21493262402433047
0x493daa253ea125fa2ce561f96cc92884115148f3,0.21445539140850017
0x2a6ba53662f745ef4a91248914a17933261a69f0,0.21396128620122726
0xa7f6695ddca8f0ef07f1aee03d07aef3a3952d3d,0.2077070999188995
0x1fbcfea53473f16b09a1eb2cfdf81537867cf202,0.2067651935884288
0x545c4ae2735c005489da4f8d03d9040c3360ede5,0.2055585095737756
0x9f3de76e54eea4efa0946f5501aa814a4fe009b7,0.19994018564615407
0xb176c3009649b3efc0cbbfa131a2811ac0f19566,0.18881802635789802
0xd4a3fd0fed8ed7ca0caae7ee2a5fcacb8e4c42b8,0.18737666246090207
0x7e5905514392f45200c5c40782652f54e611a017,0.1777359840831719
0x7136fbddd4dffa2369a9283b6e90a040318011ca,0.15682855073395272
0x446c6e0488311188bbd5feebeeada1a06ee082a2,0.1528928656981323
0xd7768689a895202d7c53bdf4ea8be07d943debd3,0.15073134506438607
0xb66bed654980648bf375be7d03638d0c9369e548,0.14926936084542414
0xcca891f0ce297d5793ea9aef27d90bfa3ae84a98,0.14750312968028328
0x6fae4241a4312fcb953f4ec11c3254849b6bc324,0.14634575174379358
0x8073a475346e14e5e9839d1fe2d27323bc4c9176,0.14526950706335592
0xa7f78d63ac7f5dec4f35dee7246366173c09fde9,0.14473022004094263
0x9e10d3d0fba59b30caefd0f026f764f96f80322e,0.14420913439860472
0xab8e914bd2e292bc72f6e66d8312067713aa06be,0.143252544006533
0xb1d1efac85935345235a5ef25dca5eae83f8359f,0.14157326206780754
0xc530f34376b399b12094dc465eaca370ec7702fa,0.14070956237384763
0x207e719dc880e777806fe54e84090dd55a4704c2,0.14069291381013047
0x9a3bef5598b4298188f9e286ec1a87ea6773fe18,0.1376900161936827
0xd80b99076ba9188d8f50c30424730287c09fa50c,0.13481180564063808
0x6e79372b540b365a54b8ab0ab9417dffe75d7976,0.13416204046739844
0x145a96b9669685c263f196caaba3ddd5339cbdf0,0.13382986203201508
0x655ab4b2c31eaffdde8ab6baf3f247e4245dac11,0.13364664353130037
0x92e28f52d4476f5506fb27cd6699cfb6687eb8e9,0.1299964886931663
0x6a59b37bde2d80878a019e824026e462192b7b66,0.1266022073401064
0xca49ab85d11469d1cdfb75870fd7383822ee968a,0.12588174849425954
0x57669f1fcc2633c66da3088ca82c901a9e7ba1ff,0.12565727234162913
0x6655d0fd10b9a7ea4974dc659d4700eebbd07af5,0.12494609105531733
0x495833d72cb1c78c5f53e0fbafdbe18e012b2482,0.12486905714515545
0x3b0c03e544289a63ac00f3c7aa92493b6f33ee0f,0.12483829874998763
0x2bd581ed4f840a5493552551bc7db6d074c0a594,0.12407684834457373
0xda36cc4136a24035d2fa1e35873cfb6b4ebf4321,0.12389918240595092
0xae014f018e6769e14a230abcbf44a095bc58a621,0.12113552133954122
0x12288c52d4177d355ef9117fbe1e7b4197c181fd,0.12049502228579548
0x586891dd8b40c869b923192be01f971b50d6f791,0.11832195503850092
0x5ced44c2e487547f7cff38f11f3063a39ac1689d,0.11832195503850092
0xd1f0ebb5a50c98f47a1c738b20092a22463c67c2,0.11832195503850092
0x1a8a14475dc45c442b2a35c12440b8acc9e6984a,0.11628882763105414
0x0dd19e1fda92fd00741ec9d8d65e0c95039427fc,0.11201684527430092
0xbb32f8c0eed5d3306232ac918256cf013008496f,0.11201684527430092
0xdb3b8d660533cba0ab269dee59c55e9cc6838b9a,0.11201684527430092
0xfe0661e552401bcefcf93e42e33a03742023f093,0.11201684527430092
0x36fc1911f9c5d29f300ae5266a9c98dc46414e9e,0.11201510135406849
0x9a9e0f9a29cdeabfb4517dd0fcae0d2ccbd10ae3,0.11201510135406849
0xde869962d5e639cff122cd09ba07d5bf6326c6c2,0.11201510135406849
0x54c2cf5991676f842ce95c785f3dea2b5a9f9e04,0.11201331241704943
0x5c438214f08ce1b233f06f3a163b7c15964db2ef,0.10766804374364305
0x3ffffd8de09688a81dc3cb353a06a80e01a8c7f8,0.10689576943261737
0xbdc0651ab5292f56ac30e10f1a15d50dffd19f37,0.10643303462282566
0x4684199eddcb1ac967015cadb2221fa00aefc657,0.10609935531372945
0xbe54b7a33a844040918dd0ebccdce646a53826f0,0.10591151806541267
0x79149508b92b7c61779d6f62c7087a644b43d2c3,0.10066167511831633
0x79fa7fcf92ab884b5730175fd24779c9bbce1084,0.10053852469079122
0x6f2bfd62c6bca0e946d9b83eee77ce3d685cc347,0.09993663961012683
0xb65e90090e2d22ed83dfa43925c4b95100c16ed4,0.09964532234063997
0x128d4836c3d486e97911d601aef1419055cc4f4e,0.09944314072692448
0xb30d6cb5208429348aa3e394cd1bbbea1f1b460c,0.09887757849657931
0xe06df8ad4c63cc27454af2ce3a722621f680ce77,0.09497864505227797
0x357e6a98da9c3bde7e17f5bcbbbd3e2107d117ba,0.09300497605906573
0x0812f2916bf3d4ff118bed56a04a19ed9ee8e94c,0.09234840819595093
0xbc9e66b7ec50b9312035cdfd715da50b1973a630,0.09007733264057104
0x2a396aaceaca357071de41ba9821f74edef42664,0.08692860805675422
0xaa60de909c9d8bf6f0666c98c6c41579bd97794a,0.08567536553914348
0xa5e8dae9b4589afbcde451fc639e32bf748accf9,0.08488447314097035
0x995a57eb1f284af2550243b06f29297db5fd13e8,0.0830927396672159
0x400ae60b01247b6d3acda2b08af5ee73dcc3614f,0.08295808146470908
0x4c7a4d7a25c00aac98b3479994134a8ca622798c,0.08262282170934383
0x5a8491f7c6f6f1b7000ef62707bd66ae1271c331,0.07879012425124453
0xdc308f2d2f00889041e74b9c3d6e6b8ad57d81de,0.07870030107269226
0xa0914c206be51449374b6206fa4b06c74548d2fe,0.07698532376532839
0x34a5b3a49c5b0465bcbfb2228efad6c7e759767f,0.07632785038585257
0x4d4ac7416da599e7fc282e59d3540831f1811812,0.07632675861344962
0x5d31004d9584829211c2350218ff417d81118a2e,0.07628770349060733
0xefee2d43b11de6423d71a41a8a5ab679184a34a1,0.07624163929939609
0x2f32d6c5b4d8cdd81a8ca02a7646e3d5929692cc,0.07465751563508095
0x1b46aabc335075c497236f1ba2f695bb8d64e1dd,0.07373968375338658
0x0c9eed14d5f41bdae840cc188bae5540bc725ddf,0.07251707681836729
0xb47eb37709f8b0540f3610e8824d221ace569fb3,0.07216270717256287
0x0ea1e9ac50ec4d8db153580c2aec1c5ee13c0961,0.07207424621100522
0x2a38cdc3b56028ff88a52f263db26ca6867a52a7,0.0719617112559683
0x8750e039b1c38eedb3b904b1b60463b3f4d1f952,0.07170507407590258
0xfdc03c88f4cb228b10cf3a53ba05da9dea6858c7,0.07138594615001502
0x43c72694380933a883497d7800f7c2c191fcdb7f,0.07117776705117428
0x753a54ccd788ac30198e2f7663d0fc645ef27241,0.07082834840839197
0x42f53818482ae5c20ce1dbedf88e3fc61c919ca9,0.0703986847309443
0x9005f45d8cb4a046aed9f25bcf59be9db90f935b,0.06954324179360351
0x91d886ac7b54ebfbdde77fc1ee044503659a2090,0.06951518677962022
0x44b90068f77f16e321b22a8cd68243106e6c2ce0,0.06918279830600066
0xba65d80bd73c41891b81bfc4d80ae6dcae5b8154,0.06759471010727115
0x7e4c9a161c3c0c8d46f1fd336e838eb78cd56a88,0.06749429640521153
0x47cde97127cdd7cc79d4f9256cdc004524177bd7,0.06576079741025709
0x80be68b716a5868e8efb23140323cafc42f3458c,0.06381666761888595
0x8998ac6f6d538207015f11e0acfe7300fba350e1,0.06339019668412185
0xdcfcc77a2e690141432561a9746c125bf6704380,0.0632989291732139
0x0ce73d9ca584adeb34703ad7a8b501b2e54585a4,0.062495186714462185
0xb6f1d510a8e18a9ba14cec92791c026f8f3b9072,0.06144973646115538
0x7874175d57e1dddbe13fbdaec4fe99d6f63e758f,0.05788269328784845
0x3ac6256346254f9f47b5161623a4a142b6d37010,0.057799507416532475
0x773b9aee798bb310b533d19749dd542294b1ea11,0.057136300426059335
0x890ff4714b97bc0a24872bf71942b8c3ad64bdcd,0.05711920134098025
0xa37dd7c67c5c985aa56f7cf362b29d83c3f36816,0.05622362193077332
0x8b14239f64fb40df39781486fc85a7089bfca491,0.05575420312820406
0x08b0dc60b562549bb86901321633cdecb14f4e29,0.0556954976563588
0x58b2357c9cec68a9b67a2c5c9f4a80b9363ad582,0.055293961192894966
0xd4a237d1ab27aceaf8bace1005435193f538b116,0.05308301315077659
0xb589fbe1a4ecfcb9c1d7900b42d14ff9fa6ea870,0.05070979022878517
0x4f0c471b37069c55783707a8de571711a9c6405e,0.0502740073130943
0xb3fc012e67a6dcbdb85c09e5dfd2bdaf362b81a5,0.049818887456565264
0x56d138a329faa31cdf5e3e7766da4d6c1e55e732,0.04939876595660217
0xc593a1668d9bc0f319a15a43ef21c1befe3d7d57,0.04868475496389777
0x6700dc028971a9d96d0c4281099f29d74bbc1fb5,0.04477522341775189
0x022114bd59fd70855e27b38e98db4242fa4f3f97,0.04477513860127242
0x434327fcd2210a5996b1d95dfbd62cd61ce2fbb9,0.04477513860127242
0xd34f4d6158cb9fd4b4bef73fcc3a9f900b5305fc,0.04477513860127242
0xd529593dc8414a84ebbf1a74efcb0d0c3d583437,0.04477513860127242
0x55346cafd39e39cf4f9d3ad2afdc42c681069548,0.044755747639322455
0x0ff46871fda788f55a8c43211a28a189c4b4d0e1,0.04475527139247696
0x84076bb77d6931e827453ded5ebe52f935f76d8d,0.04475527139247696
0xcd119c5c04fc42613a1a1bced4fd8368b5fa30d2,0.04475527139247696
0x7bcd1bddff93dc0b22bc247654aeea0ddce4f05a,0.044754255588488015
0x273b70caffa29dd74501ced534910a3108b8e4da,0.04467720229828956
0x793f092c89bc1b0b674173ec1e547a6494461bee,0.04467720229828956
0xc184aef9c8423ab2ffa68f5262423b58b29fdab5,0.04467720229828956
0x95136bf60319d9cc700e26e09037a6a694e25148,0.04467701118593914
0xd45e83168872ae94c452e8ef09a6308c8c98edff,0.04467701118593914
0x26177d7943f455311fa84546c2529fb82a177ccf,0.04250248293434358
0xc62785b58724d744b843e479d76d47897e61ca7e,0.041715059283822714
0x51eba413de14da735cbaa25c33346888bda87101,0.03974421158536073
0xe4a77604802ee95603ec22ca0e4ebf981f6134a3,0.03957510062061667
0xa27ff099de5a80cf72a0f899ed586107d74f46ac,0.039267881250355956
0xe2e2466f657cf011eaaa4a8a2eeb2c9fe68797f6,0.03920913429457641
0x617ca9738642e411d4d35848550f26b07bba21cd,0.03888293002275576
0x123d21efe44a4938bcfd6392956146436cf268ea,0.03881873994439834
0x36481d193dc5485cdfb19839613f564568e0e1f5,0.03850504526859572
0xe6567d460dcaba7b7b8aa3a5987135221fb1cca7,0.03783975347977149
0xcc639718e285880dec3dc4477621c145a51219a0,0.0378383751047581
0xf9b232ab04cda41b771ed0815256c11ffddb60bd,0.037686781985638726
0x525be9a6edc565fb514125845dcdc37ba2e8dc48,0.03572982843513471
0x53033c9697339942256845dd4d428085ec7261b8,0.035619696737277606
0xb79017034ee38c4bfbeb1bc619f714cea55a07d4,0.03537536797324379
0x580e2a735d2e4b58481fd08183b43e73b76423dd,0.03199767297384088
0x5b5f9e86048822184949f112287c2f78a68585c6,0.031924590412912304
0xd9d208471b5d2ce51570788db2d5ad09f96e1771,0.03070429554865652
0xdf018ac6efc4e9e39515c0fa67e5ba66d5e366d0,0.02910266352611157
0x5f91908343fc5740dc259b9d612f01ac43050a9b,0.028771287292883082
0xf8152684ba9cb9005048baeaded38f1ca497861f,0.028426897054391005
0x954da244891733ab0badf630817d26d126d9fec8,0.02833870353449448
0xde7bffb56700030ba947ef443632b07c8120e808,0.028312447560845153
0x66dc433f54afb9c78c7b3bc7a6712af732a50487,0.02831243907423839
0xbc258c53355e9d86a0aae8109841b26864b72c27,0.028075666458928786
0x1e78c54beaf6884df07d2387311d1ba23c818820,0.02807468842378426
0x7b0f8ae03b2fc1c1cca4249add49e4d8b9497421,0.027935652037389253
0xd8f733595f6fa6d63b0f77e75d07d67f7a18d39a,0.02789471522268123
0xf6666f75dbcb83347c9c4ab0f0c43e0c2bba2b29,0.02776069851927184
0x28376da964fab061ba92b36c9fcc8bc9d44d7eb3,0.0277530996673671
0x477f2acf9eb7f26db3ecbf3a667cffdc94ab3878,0.027577038525759226
0x0a24399c46fc9b050496483bf359b396ebb8e679,0.02712191100231333
0xca84a912a7738a0fde36f6d0d519fbf253ef4957,0.027009857623397828
0xaa02ae7c33a6ab5f699ee8f77ddf08aba8086822,0.02695698001879081
0x75996027dcfb09784be564da5b50b938f22a7c54,0.026757154825333074
0x74aae58ecfab8b2d1da26dc248ffa9b3eef98c9a,0.02571128983522652
0x305d39c1bb6f8711362cf1dc9ffc6fb0c35f7fc4,0.025664876807565146
0x081bc1f62793fcd144a314ccf4a9f6ea419b2bc1,0.025316576204092514
0x8937e56f926c04205c27dce54e273c0dd171aa36,0.02520272447433174
0x2c15c4f6974febb7e2d9980a3fbb76838c2bd375,0.025039922255253914
0x9b95e427b41522a0184d8c67797495426640ec40,0.02493911972134765
0xad4489f64a8be791294116d3e99d2721c7f0a72a,0.024780977843615454
0x885d26765a096136cfeb1d216713ade4289641e0,0.024703842413446534
0x8c0878005d021cc01438dec24557bc5aed1babe0,0.02291776350229168
0xa3fa07309ee8dccb64d4bd1f34ed7e8f3b0e7cff,0.022630244533677003
0xb9787250110def1995705798841bfb03ca32254a,0.021628872107454962
0x2db228e4fa69dea99301770bf472dec4fb9753fb,0.02142590419127382
0x1c34e317cf36e6f5e84167cff2779ecfd80e7cdd,0.02081929795554851
0x2e8013da3f112e0614799d3e1cec0146cc0d163f,0.019720694484568257
0xa0f2865c73774d22b2b210d885e86db4a7b661ce,0.019310989987306234
0x79780d4e3830004d7270c0c6f5708fb9bf50e3c9,0.019241161435966863
0x445a0fdc367385447412707874d45143736ec643,0.018434920938346644
0x8222b88c548d0699da30b9ab7061186eb150cd72,0.018434920938346644
0xe7ff17c50de51c70e273f94d442b4634ea1b32c7,0.017488432584969574
0x84e9445f43995b0c6a4d4c1d40bb123571c2eb06,0.017330270691739785
0xa3a18f492ff2c55320cf4fad93299a7a1293a4ca,0.017170243441322598
0x9d80bd937c41f1c46c39533e75e0e4b1deb9e502,0.014681342085681476
0x75c3dd7e854b77071e32a062386a9728348aef3d,0.014573943364515176
0x23687ed1aa5ef5988636bf0ee141afe95f77ca5f,0.014573940938231668
0x44b6a801e4009609f68c0a3fcf35225ec0fcc308,0.014536103453881767
0xa9ab3102ce698ce5d4d77c1ad90895afa1eb7266,0.014527946332681358
0xd450d789f3452f6cb51ed5c25fe8b2144448ea41,0.014341014977200557
0xd0599dda0e082256dfd8ac8ebc4e2f5cc4f50af3,0.014339055099419911
0x4c6cceb3407b3e87dfa5cc8531ad4780cd5b807d,0.014310508325052729
0x2e624fd4c1e62530ba19b433dcb9aca41f9537dc,0.014284809548027097
0x8377be4835732546eab943416be48206033b71dc,0.014271072065111898
0xf69afb5656163d7338f71a7903d6b54e9fcd57a1,0.014209780010486084
0x784533d01fb816e4619b602a28c963872ae42494,0.014209777735627207
0xaa709aeece974759f6cf69d30a61ddbaba2fdc7c,0.014156250797831605
0xcb045317f224a527be9e1fef32d5135dfa0ccf36,0.014143421803534017
0xffd1bc6b2a0a739ae425755a3704b8be9811cb65,0.014060504572475629
0x9a2c3fb8349c9b6b789627889150f2861af35955,0.014005143423812361
0x24e7dab5544e7ec3b9ce4ccec90c795fd6606870,0.013981527946959406
0x4c3d50688581f7f8669923793244d91c86a1a738,0.013979148542608564
0x18a6a62cbba2cc1cf29ab56ef3c954b41763da37,0.013968128569462631
0xb373f8dd25d0869eb1d9dec370d0348096a83e43,0.013905833118767903
0xd2102effc39cb3e66078cd869cd1ba9412056432,0.013905833118767903
0x516cd0f32a9978bf2e77c8ea48f078b43bb5f068,0.013832497199338049
0x6eb5c136e93b1270d9f43928d8ae58b74d8b8f6f,0.01381854726833367
0xb8c789c79c44d1435d51fbcb066b294162d24b19,0.013809358070397076
0x9ae94b2ad4d334a8d79cfd02d930d365a3b4eeb1,0.01352186459026194
0xd85a1511a9c208612aea47633f0b18610a60d0c8,0.012766597290206972
0xfa67fc2901dd343d3324fc882fe7eb474354a6e2,0.012725025318983773
0xe600f698d1fac467e02e43b98dfcd78c57ce1deb,0.01269401208338818
0x48a8739fbc0bf5ecee120c45803043926994b0b0,0.012405409069012475
0x65303a95f2ca3d44b9e2728533c47998d999641f,0.012360521409695718
0x3402903186318cd240fe63fd8f93bd5234bdc1ea,0.012289947292231077
0x1afe369a452e7cb7122d039b4d814290e047d3ae,0.01141711472809041
0x31edecc4fc6e6c0d3248b9a4b9e651f7e02f82c3,0.010280702796348325
0x4ce5ad79fa2f7048065452b9fa9ef9b60a75fc09,0.009996380291493957
0xc8cc813268522d746492e7feff4a983eb4a4ee0c,0.009050292836539964
0xab498461ce4e399c17f6f0031f360f3b64a50bc7,0.007463718345289502
0x3ccccdacab1537c0e5dacee72931937e742b232b,0.007368408614842365
0xa67c9e0701a1c6dd21e42e0be41e0b8f537c29b2,0.007231039422089201
0xff08f103a63a653d518bd9f8a837b795c6f110c3,0.007183997004803096
0xe9b365d5bb967caec317127977917226c77c6003,0.006754592802985459
0x5a0b8dedfc06f1412484447d376119005bf85ddc,0.006330152703164398
0x3922315057742ee040e3c64987ea90c9cf9df7b5,0.006291771451438283
0x6da0c6a8889089c9e466be8699992f19f0e18e3d,0.005806042940624039
0x43292c96d65d577e9ed7fe81ee9b1dd5bd49a6f7,0.005428459538167515
0x261e1fbc2d5c7200de55289dfab9ebbc5fd585be,0.005386271598490192
0x49e92b3111192890d5adeee7e3a80aa4866349a0,0.005332362851809988
0x85954b8c547aec4156d0ea100461c88100129fd5,0.005075410901209662
0x84861b33ba6c7ae0dc01e0e3192e74d133d9a13a,0.0049517230362113186
0x77e46935fe498d8838a8aa89aa9630aca403a750,0.004529810790686004
0x4c20f6126a90568d39c9434f1950a5e0836269e7,0.003781202185791221
0xdf52b6d91590de14a85561965c5e6eb91ef989c6,0.0036774124995403727
0xdefc90ba9ee9ad6fa534adcaebd817fea21e538d,0.0030781996362969173
0x1d4379cee8a6aaed1aa641bd36670048a233d680,0.0028295140017946556
0x966086c35f902083f2ffb6d422866436b109a9a9,0.0028217017326074875
0x6055db46a84df9652fe2a359e24c1ddbb5d7beb5,0.0027874309108713922
0xb4a3108864258d7d71e07ea7aacedd7cc303d022,0.002710968326799264
0x0f6852135c9404adf5a5c118ab78d30136013e00,0.0026717866694233507
0x714120f3dcaff119e82b923fb28f203249293907,0.002664314177619201
0xb62c8f112014f8d24de7a5b3110f05a2db3893d8,0.0026406292343277528
0x7e0e1f3f16ca5ea9e9d673313513ec9d33fdd1e6,0.002639163926669658
0xf8fff207467d1645d0d7df063cf475a6da020849,0.0026383846130336643
0xc1ec1d72a874e46943cf49f437be33e1a7f6519a,0.002627165427415087
0xc87266e53e7d58f3295633115f199c23665ba49b,0.0025712816916832375
0x22355af6f3333bf567c0603358109470e653a2a7,0.0025558408522055732
0x4a946f31f481b134f73910a31610c82ac579c5a4,0.002526309931720643
0xd27065aa082c16500b9999e38e1984e921f37111,0.0025228791896008385
0xcde850e02a5d1ebedb5e1d2b177af8770354fdb7,0.0025204457193647
0x56325dff86ba7c15b2960e484b59036f7f593a7d,0.002339040650980256
0x7518837e2b76015154f40a16ddb4ee4acb01d5c6,0.0014332284703118814
0x0c806aace8d2a3a682f9cc50e7f3948a04dc3539,0.001386258454699152
0xb43b36b72c57842e5cc4b70d85f99117b122c2b5,0.001384146803241823
0x01a56caf0f48acc0afc15e68e62f010a122e3f7e,0.0012850408237364804
0x7e1e1c5ac70038a9718431c92a618f01f8dada18,0.001099306856760397
0x725a1fe791b9081492442518596a2e9e4dc4711b,0.0007947674355444828
0xd9e1d61d51b4d1ef7da8f09cabddcc59030bf872,0.0006100516059355122
0xe481301c21f3ec7c6b5d0d30949196928eea7ab7,0.00027725168221808666
0x119d895f66cfafd6dfbeb127e982cf9d08b01570,0.000249909807223889
0xcd248c5ccaaefab0a09a74a6f3d241dd67326824,0.00017919275624081192
0x1f655685a4876fdb56da897118f67824d279abe5,0.00003487916746411039
0xbb0fbda9084b120fe1f224be7065aa0c82116354,0.000013888808758837853
0xdb6c7bb0a806695a4bd0d47e32fb7bb61ea27b7e,0.000011900781321376681
0x74a94f6e2d88849ed0cac07f5b7c9a05bc516ddc,0.000004272235475921374
0x80f60cd83827e9f77d381955d8cd8c7143f626af,0.000004165522637421986
0x0ac9f336000e7e07f416a19717539c8cdfcd690d,0.000003987270372475672
0x8540f80fab2afcae8d8fd6b1557b1cf943a0999b,0.000003594268384066051
0xf97f7ab7ad98590ecbf9d1870d976bb1acecb696,0.000003460370266602688
0xf74c9d36759999e87eb6940bc6724737d05d3f82,4.981368428122594e-7
0xb58d591a41b9241effcee5b092abdb232f6603a9,3.7571962820984993e-7
0xe6ca63cd295c84d6f184192dc8023960772dd321,2.5917832417740325e-7
0x28eb4085309fb7231a16ada0b10a6eebc575d278,1.885235169597345e-7
0x6078dfa74f84650fd1461f8426741bd0ddc2c0b1,1.801714451812352e-7
0x24ee7783c90ad7849c50121e46cfd00d8d13dcec,8.714978873846901e-8
0x893bbf6520261f004e7a151fe041c9c661e2e583,7.146891739051453e-9
0xc86b68363d1537f9b5936338bde83d4343710bfe,6.10441682005117e-16
0xf63622f3afa82daaa1adc2a45705da43c8689275,3.379735505363544e-18
0xdf319da44618c85a48d2e5d5e42767ce0286869c,1.4747936750677304e-18
0x6b9d90a764e26763fab590890296659dcf1bc6cb,1.228994729223108e-18
0x0b9efc1f4a028fcf0e8d62227853dfd7e79c7ee4,2.4579894584462166e-19
