0x39d787fdf7384597c7208644dbb6fda1cca4ebdf,2650.6403798327565
0xbc79855178842fdba0c353494895deef509e26bb,1839.1448685950068
0xbda6ba3ad624582495c55451a1840e563fc16389,1476.1942666074622
0xfe13988736d95d052c2e45e5b4e1ef2e2750b7f4,1401.9361503173805
0x338f3ec014d7edacb98506881d1e18dc00980fdc,1078.3840975255173
0xb1adceddb2941033a090dd166a462fe1c2029484,1001.9095145958822
0x28d804bf2212e220bc2b7b6252993db8286df07f,826.3446910593143
0x39c09fdc4e5c5ab72f6319ddbc2cae40e67b2a60,726.5493548316829
0x2de640a18fe3480aa802aca91f70177ada103391,629.3645756132714
0x549c0421c69be943a2a60e76b19b4a801682cbd3,523.3073614233998
0xef764bac8a438e7e498c2e5fccf0f174c3e3f8db,495.36914915065955
0x2a2526422aa8239826746b41f13fcc2e59015c86,460.0529258741947
0x635b230c3fdf6a466bb6dc3b9b51a8ceb0659b67,450.2934210666545
0x1d266e410a842f5581f2ca80ad3cb6322fe0d296,388.84292353517526
0x194f737b2b8a63f9fc0def75e0bc7f835f21af6d,378.97433794188277
0x7e6601a0cb2b5ae129c09661846a053ea07223fb,368.57746979956715
0x25431341a5800759268a6ac1d3cd91c029d7d9ca,337.94459444343613
0xce9450f366bb61874f90484d05f30cc44c1d72dd,307.40039251606345
0x86b0be38a41ee669fb2d8cb5854a3c89a0a2b8fe,286.63761616404094
0xf0b145a02139f91f998d093f2a12b9ecf2ef5405,256.48961024038726
0xd4ad5d62dce1a8bf661777a5c1df79bd12ac8f1d,198.94722755617988
0x46499275b5c4d67dfa46b92d89aada3158ea392e,190.34391044266837
0x7c8d1c186506df224a4e781b9f4ac6b9f5a40dea,187.79443121815078
0x22fa8cc33a42320385cbd3690ed60a021891cb32,165.8586476752543
0x038940914c3d3c945a554318c96173dfb0ecf3bd,164.15346705610483
0x69ecc396747d292b26ddf6e00b733ee69c2eb778,156.2718555665401
0x0b1fdb90501286ebe6087b6660c3a48db9898fad,141.0583643609249
0x0154d25120ed20a516fe43991702e7463c5a6f6e,132.90985097140964
0xa42e82c8cb31068b240772ec69685ffc59b7fd11,127.8330964808485
0x1d2c4cd9bee9dfe088430b95d274e765151c32db,126.21969560886645
0xa6fddb5c1bbee3c7189ed8996122b9ffba5a86ec,119.55744925660781
0x55e1490a1878d0b61811726e2cb96560022e764c,113.47636896545885
0x74c3b2d22ed5990b9ab1f77bd3054d4fd4afcf96,110.13883148803251
0xba55bdbf959df826da6c35487eb15fad2164662d,108.15582258769307
0x57ca561798413a20508b6bc997481e784f3e6e5f,106.40890797701535
0x88b7a44cecd526cd2d424b0a4cc2bbb26341dd8f,103.07233235735512
0x0d82ccaacdaf8da2cca723f7203be3ac57b6c3e7,91.09057272244829
0x1c051112075feaee33bcdbe0984c2bb0db53cf47,90.11214701939008
0xebf919b0dafb9ea4bf324108a142c64a69052d8f,85.00730977999434
0x34d8619e909aa917cd176b733a5bfbafcdc0483e,82.45651337286586
0x4e65175f05b4140a0747c29cce997cd4bb7190d4,76.9462009231397
0x468e334c8a768d3577bb4ed513e238271a754c1f,73.43461437293256
0xf9172446f3b6f0d027ef8f0a7fafa117ff5439c2,73.34172333628702
0xe2e4f2a725e42d0f0ef6291f46c430f963482001,70.81496871117004
0x979211193cddb32b5f50928b83b6a6a4c40037bc,66.7646711100254
0xf7e3c42ad619f6c267194e6892f6243fe908eb75,66.54673422943144
0xa8d092b8b1a07ef7b8b409ced7cfb13c0e46e439,63.144203310594946
0xe7a6d81a4b543c1bf2bd10ceb74a72689dc2e4b1,62.65378628803669
0xe51231daa306acf16eac34a864564ca36b262a1f,60.6695072011593
0x57fcf904efc785e098676922d406e64a4e0e7ea2,57.48682974345543
0x42869a8455671c419bdcd1905f4966e6d305f216,54.94096214196492
0xecb6a3e0e99700b32bb03ba14727d99fe8e538cf,54.66790229373445
0x6ef3f0ff397c3de367c6ca2cc3e6b6955e7993a5,54.430735241534414
0x9542d56b89830c60082de0c976f2e72a633e24fd,54.344255652302
0x30391a4f9d2f099d41888f811784281cba4097f0,53.06256308350903
0x1f84ca2c0a406b32e083e4e41032fd148364df48,52.98012880279348
0x22acb809d08ae7c79f0b84513efce0577acfe514,49.2514439369069
0x3b4ec6fdbc51d52e96908960d790b34ff89ffff5,49.05026469990841
0xa870826a578948dad7e9f4a0cb12fb9b6b4b7696,48.053816948603945
0xc230ce5643a10702111572c938919c9f448c46d8,48.03421336586071
0x017bf03bbf90dd7ac29a7abe3437f5ee9ca1e356,47.33631375853451
0x13f2aeb5066feceee535ed7f62863a7ef741ec1c,46.48789558260272
0x52b6d3fd6ec83b658b94efc250833a8e2a092146,46.395087067406735
0xacfccad59a895856e18137272a6aaf758f7075f9,45.1084189529794
0x1fe9fd1156688699f4ca017e72ee0d9873f9d758,44.082555985716475
0xade4c5a66ee54f53885ec1d085b169829c7413d9,44.06899419423606
0xbbbc35dfac3a00a03a8fde3540eca4f0e15c5e64,43.65650442623021
0x13f2ca08112fd5b5df3c78c5e583d95d69900235,43.534385142748356
0xae653682dee958914a82c9628de794dcbbee3d04,43.507219054172126
0xe57e2c5d7b0a4f6e3419e586dbc89195943d6c78,43.37711175791396
0x52def6c112bffc66fc8c8258539d4d8c30c5000c,43.30209830910837
0x4a1249e419d09f64130cbb426f37facab261b9e2,43.27335627629056
0x8da6546264714cc6b491374dd25b3ed6af8b4f91,42.032483399770115
0x75afaece8cf2a7974b1e541648923afd9339b3f8,41.831545510623314
0xccd72bea12f3927063be3d8798a4b74082713cb5,41.757215084679714
0x5389477e84b4b7e693940a135bf0c1928d232840,41.633862415280745
0x024bcbcaad82e67f721799e259ca60bc7d363419,41.395920723170555
0x0f87dd03a74e6a48d56661d96f44880c79b9d795,40.40017081605287
0x7cf4bf49675ec763af02b2d9d85c90ce2852dc37,38.79246289120471
0x634211a06e8a63b930f284d1c8456651772e70b7,38.66095993181898
0xbf6093d4eb96d4cc101baf9fc7f6bead20e637b4,38.58235372773643
0xd35d8f5df82f61f2cb84b5871350d2a97b275391,37.12693795487466
0x3caba50e426de2003f937ac961bd6834b206fb1c,37.08366008031708
0xd30391e21741c54c32987bcfca3d880e6d261cb0,37.053855707591005
0xfa8f11e4ad7bc8c7f210bc646d9a23bad4603f49,36.72577980102988
0x285ce8250bda19425cafe86297ed5a08bac5d8e3,36.70843523258773
0xde6c0faaeab798ce707de7330d3390b6803efc5a,36.54262611740256
0x391891af67e29d97e61e30c3036a0874f5da411e,36.317208805893245
0x2b7b260db29b86ad62aee61aa1dbb0f6addd8bfb,36.13607952846464
0xe3c9e09e49f75d7ec947484abf74579ea5aa0e18,36.06565471541672
0x8a641bd7e8a173d96a4edeb0a52bf45b83c66d6a,34.27216790020997
0xa4b8339d2162125b33a667b0d40ac5dec27e924b,34.2624437827515
0x466fd9ee1122869fb49e29bdf1c1f5bc43d0af28,34.13285708838318
0x537037c5ae805b9d4cecab5ee07f12a8e59a15b2,31.360480500275457
0x23e6f61f5472c8afa34bc4fadcfaa7181efadf76,31.23753016113022
0x6f9bb7e454f5b3eb2310343f0e99269dc2bb8a1d,31.141211024391367
0x8aecc5526f92a46718f8e68516d22038d8670e0d,30.90299715437349
0xadeeb9d09b8bcee10943198fb6f6a4229bab3675,30.172997431347294
0x07bdf59c0a121456f7cf6bc69ec225e602271a01,30.165033556567998
0x69daa47f4773121d58e28d73d4afaa6a2ad7b9cd,29.543466757157454
0x80b5da500b832ae5fca7514079375cc70ddbd20e,29.2178996032532
0xf6853c77a2452576eae5af424975a101ffc47308,28.81987709044456
0x30887fc55cbfad3487cb55bfe1779f6d2ba1c118,26.136409119068684
0xde8589960da34eefb00ca879d8cc12b11f52cb12,25.64049411513578
0x1333c53a798547126ca04647ba925485a6fa7aad,25.399022508211896
0x79792c512d1029a640c86f20c9d30ef3643d4d38,23.689260540356056
0xb86417afd4a97a64b34a50dd76aa1de251e1c6b8,23.674690803928094
0xcbd6ed4fd56d83bac9640201c4dcde1efa1ad60f,23.05934116209951
0x801a8b12c6a6bd62dad7f2a8b3d8496c8d0857af,23.02020798791608
0x5fba10cefca0056af9b08421e2b8f6679667d987,22.798304919506464
0xc4cd8ffbc36f46d799486727f2fee67c59c9f7f7,22.698700538257487
0x42dbf634c256acd17beddc1330488f1bea7b8bdf,22.429847901530124
0xa21392dd4b12cb543fb6d1e4e8759b3ac6e55169,22.400634747972312
0x9dbb669f3fc49bf1393ce92fadce486ea32ce8fd,22.000167998325136
0x8cd9f9c08c6a3f891bc570f1d6a3dc91c1f62bb0,21.604650708600303
0x36837e2c2893b2d34fa80694b70eb53677aa6d4a,20.85438949820984
0x4f983a7ea54f9494d1047d8a5fec07727b3ed452,20.645825527403044
0x4f69e96f2a380620555c335d5f3737a051f43716,20.362465268322133
0x5de4ca716bc806c79286ee0bab92a585da214043,20.233236466619445
0x974f68c1a39f11aa7b74b92d7b8f05d8902ea70f,19.835131290887908
0x5cd39de8d4e3b2d115f7f5cce73c12764f8c5890,19.626295315518213
0xa9cc35a54dcc7acca905afecd334bb4e03ea4f21,19.36941700073055
0x27d23dde3573d27f80b8bf7311f8403246fa48be,19.11656035073157
0x7f977c4cff92c055173b865bcbd8158161ab95a9,18.62759316074798
0xe864166688e95618920e32619753e23175f189ce,18.4585954038791
0xe519f4cd2803ba53a40e6377e82406e548418660,18.123548561235474
0x09165d195d9f50c82aac439840cc6198d69003de,18.04624193259063
0x87e6888935180a9b27a9b48b75c9b779bfec1f76,18.019973600132705
0x4c46f9a3da4f7f2911e29dae334ebcf09101a669,17.72406353647558
0xa37ed0864991e305648858b4294ce8f5497155dc,17.664518807282402
0xafa32b3cdf8bed419a92724153feb55173e11968,17.511871068278502
0x38e481367e0c50f4166ad2a1c9fde0e3c662cfba,17.408032129128813
0x6749f1a7c7f0f3a4d44abfc881e4796b59df2f06,17.2713694332649
0xa13e9f201a9c2012eb851cd1eabdd50c48954a7d,17.2695315204711
0xd88d5b3dbe8790369799012310c31eb210eeec81,17.099784213741977
0xa49fe5cb074f7f05efb12c969ba5783fc8ef2bfd,16.709527928950422
0xbb2d41acfea24a3a2ad4a6f95c3ace1cc98c6ed6,16.16873267587146
0xe98ae40319475bdfe52cb671589b6ae75d4055cf,16.156792793154672
0xcc7344a557cdb86f7c713527c05eaf7906e1abab,16.156556625956377
0xb6c91b7e00b410a38943852d53c3a018e48b1ebb,15.810517547926512
0x41b96e9c6758d12a7a1f67952466b2e104532604,15.659272853398992
0x3ee505ba316879d246a8fd2b3d7ee63b51b44fab,15.512076002234226
0x427a4b0daea3b22a82ef7f108d392522a924db61,15.27588647492213
0x861fbb19287ed2ac3efda31a4add660c5f19e10c,14.87424083373388
0x8f2d517dbf4ae0eb7a564805d9764b58db8bb00c,14.685308109719932
0x0f0f9ea5fd3ac4fed56cbbc0c728e408be73f163,14.679352818740778
0xd59b0b92d7eb1ac83f7f54e46e7e244894acc3de,14.666263492401093
0xd9a4693bc2d2b0246f931cd307d2bc53328cd73d,14.639705371583672
0xbf370b6e9d97d928497c2f2d72fd74f4d9ca5825,14.56561817054998
0xbececc0d46b3f06b0096c6b2bbc6e429fe7bd911,14.38114232375646
0x80855f07d264c5a4803ae33fde8c47a57f4c38bd,14.204785781823666
0x00c0798c0df1e87069417e76b8ca4fa089d051f1,14.192406220649643
0xdb9427d1b2576b2a8b2aa53ee14bd14a1b04ce92,13.95016752081244
0xf8ab0150325bc805e24cc636a8b06b5a62681351,13.62544254742663
0x0f6534b713c9c74f24cea2b7eecb61d99bdb2a92,13.318432570157558
0xfe32a37f15ee4a4b59715530e5817d1322b9df80,13.240230215958725
0xfcbd1a3b6ef78b3a72d04726469c769ee26cc0d4,13.221214263093167
0x796c85135b28d778dabb786aa8a4f6b59554a0cd,13.217622308927734
0x92d377ca21cbfbc4a1cdc6a767d91950d5418ed9,13.212378829280413
0x46d4de9a50a8c1a669449dd504c12e341369ad98,13.176614806811267
0x916d82e095ff6ba820d1daef029420c4007b0c08,13.050170876150862
0x00f30ccc812f8bcfc30c3c7a927e41dfe0865a92,12.965180243122743
0x5cb3ef261c10b34b9b88e6162a4e82234bfd56c9,12.940106123262701
0x5b70385e4586ac15464db0071d373a1dbec1860b,12.918181414359934
0x5bcf90439a80ffe8e78851680dec95427b263b28,12.542218271450245
0x53ed17651b7dc5131c8878f0c30e6928ff13f8e2,12.481428594509158
0xcbe203901e2f3ca910558efba39a48af89e3c558,12.142972427585322
0x929b7b0ecc74e86d8edd8b7eca953a098671f7ac,12.11148283687014
0x45602bfba960277bf917c1b2007d1f03d7bd29e4,12.096394541590808
0x297946c26171008ba8c0e5642814b5fe6b842ab7,12.036029031032367
0x2b19fde5d7377b48be50a5d0a78398a496e8b15c,11.909932105219259
0x9b422e571eb2cb9837efdc4f9087194d65fb070a,11.738561941983587
0xf6b25a5dcb117e524c8c7355af90886286e9f33d,11.603292927357854
0x0000000484f2217f1a64eb6d24b5cee446faeae5,11.550298822268022
0x39d52da6beec991f075eebe577474fd105c5caec,11.436250035854007
0x976922040fb5eba559a81c0a46228b2ec8e3f044,11.370631092892118
0x7a5c1a532a89b50c84f9ffd7f915093f5c637081,11.291385149702387
0xbc154c448a2db5b164854e3e00b693a89ceb5ca1,11.042599014341704
0xab88ac3af5c9aeb1a1a2043495374568eb439244,11.010955646994226
0xff3fc772434505abff38eecde3c689d4b0254528,10.997197923773946
0x6d330800687ee1b85d4af30bff6bc41638f21524,10.715827841256266
0xf23d10c4a34ecd11600fa640b72c66a19587d4ab,10.689230546903271
0xc2634b9d0a0cfb756cded34656e09828072a8a9b,10.520040221847578
0x40630b4fd61523450b3dbc4d9fd672aae0a9c31c,10.49158741029716
0x26bdde6506bd32bd7b5cc5c73cd252807ff18568,10.397386269710486
0x796308116a54086e9cef325737f37189f2a79cbd,10.330118557095544
0xae6e1c95baa866111617a654d222d187151134e4,10.310945403944462
0x73309e52086d44b7cffcf49945a6edf8d854bde8,10.170399004015012
0x9b3611abceb1550b7ff2ebd46cf6ae4319130014,10.147239852122494
0x81cddaf95ba3d5c18c138c5f9d9c10c340f2f0aa,10.110371847011274
0x6ddbfa02a80ab01d0b31b6cafe18ad758f7ebb86,10.089287296998313
0x7ad41e9d6e1fa47f1f6bcc63bd0327009590a47b,10.050955271653336
0x48f82846f9f9fec614516760de50c94a345f4e36,9.942787948746242
0x545fd1d8546a692a05794311b34d721d87cf4cb4,9.824596549961859
0x9c0d72f2ac26420cb7eeb155bf401b672840e87b,9.789387614138068
0x042a135bd342910ad7f67bbda74e3fd4125d1272,9.72100217712307
0x21c30d17d9e61ce139dfd2a3d167c5752246b938,9.709239602908802
0xf7209ca456675d82a372f8edfa1f17e74c237b69,9.672170804817254
0x17535cc8178936c55b7eba7844dd43e958d45db9,9.545196185451719
0x10bde02988cfe40520e5837714eb2529ea7d67b3,9.436442164982983
0xb21d8be8ec774d7d84d9e5f3ecd004f377909d50,9.094703885026817
0xd7e630afcf128feb8b9071a8412914478c00c22a,8.941069613822577
0x69c509e9765c49cc6b9b4568b90aa47b89f4992f,8.838358028316243
0x383f42b5de515c564641f65f5da3bd8b4a35b4b4,8.79837053639213
0xcfd727653c3d5a1b943f675781d3245b884f1d34,8.79533820014538
0x7b9997220d33d143bdc131acad832c7ee00b0feb,8.793743451505797
0x305bdb9876c389b2b6e64ed0e7a59ee0e9bff54f,8.7301588390611
0x418c0fc22d28f232fddaee148b38e5df38674abf,8.55439533993687
0x441592ff957c8a4e264965fc26ae113ad77e0927,8.515696075385094
0xd461b2871b39e84fd33293b70254a6359f84dd45,8.451740134827359
0x1bfa318c7fd49e5b9039821d293586b750a12d93,8.397727386237834
0x4166ba4ca1404ef7659834cfbcfa115bc7043f32,8.386839302066571
0x2ae1d88af6d27cdf7c5c3799c8bf88191e2686d6,8.252314106564137
0xb9f795d0b98ad3830c48c9d56ce844e593c99503,8.204614009516717
0xd40428c28badb95783fb4762b3e36f448adca44d,8.165805800167469
0xb6ce18faeb71ac9dca1984a3b2f66860ea90e0ad,8.093646080964959
0xe24c6f0c475291ef0c7a256d90322459a67d6156,8.087341781177239
0xc0b374f27abccd5f34e30ba437adf10f084a66c4,8.015676163296495
0xf627e5f4bad95a956468d8bb6ee20b119f992e96,7.96768431584727
0x520e74218a9fd5563855f11d204810281a833e0f,7.716660444012753
0x86e5f5a3535c0dec9a0753ac7b33d186cdfc955e,7.71177864221557
0x7b1fe043c145f38c7618954ab484c4dec68ee1ce,7.6919790399063
0x0dc5e60eb4ff82af735804aa725f8ec30adc942e,7.555817866098202
0x5db63f987817910bbb9656b5210990408d3831fb,7.536431195781534
0x1db3439a222c519ab44bb1144fc28167b4fa6ee6,7.447966403639352
0x93f2874d7ef2e419877e2a5f73d9a3b48ab2bbaf,7.346097874989
0xbfa52e0b5d8f22542d579e3a320fd02f184a6bfa,7.345501885305761
0x00290ffc9e9d19bda7b25c6e44d8adf55dfbf2dd,7.345185424254044
0x0b7e38bf0bca35d9c5b435dae88ae6c74acab7ee,7.3428805095276335
0x1626e7c64be01166b937c4cfaaac2f8279794ca5,7.342777517296548
0x87d3ee8cc75c3916e3b6f56e307aadcd3afeff68,7.330400229436163
0x6cf7538744dc6a1416eb2a9dfd2daf2c9a829832,7.171892005847984
0x77bb48e7b72f47f3978478650117624e53c9c262,7.111323716518978
0xfd6231a29661100e9f7e68d37730b040e24cad28,7.098971415148006
0x777b47c594014b5f109e00d71eb56dd886cb951b,7.085556021935273
0x7487fc547de9ecfdf7a972f9cb2f835a26e9adf9,7.077685327528655
0x8eb63353685e5c439fa588d31461b1de44584bc8,6.994644247167059
0xdd8e2dd11d38b3e27ad4d7349a61b5c2b5af427a,6.982416851601182
0xb44373deb287e83ba5fd8909f4076c9b9ccf0ec4,6.8988078996105715
0x212ce93b949cc68897d901e7ef6266513840f30d,6.86990092558739
0xd6cc8deb414cecbba781817d7978c7abbd280d6c,6.807138368023902
0x69bc29d277e43f0a253ca7bb79a72da6da4bcba1,6.797161687488483
0x5a3c1249d03488f53bbc30b5a833a390372095ae,6.78625428602929
0xb2ed77f7b05562353f68b688b2320a599e1102a0,6.669149609061796
0x855328ee5e94924cb83b267f25a513c2a2fc3e5e,6.488758128573389
0xb41117b6b3277037d6abcb1f1e21ed62802c2d6f,6.3496474423859
0xfb9357f2fec6f437bf7757d5fcb7fb1296816715,6.265900165984821
0x70e439584ef1ba300106b9c16543eaa1de676dc2,6.2337078023600885
0x1eaec67b7e29ede093284b92167035f67bd90af2,6.137252203478496
0xc3597578d6c3929cfb1aa55feb72f7b530a4cb5b,6.110824782959253
0x5c0ede9bbb743809d84bc1772077965ff3f3949d,5.938664869944661
0xf2f6225962e7b1098d10f8b421b0c31936c7dcd2,5.922187275920541
0x254285f14dea6ee112681b9d2f16e59b1a5d33f6,5.876318888367666
0xa68d0f10965b7892ecfcdfdd9a0fd6a6b62c7d78,5.8763020312614715
0x2dc23418844eacd31a7d91a5571e000960553283,5.874136832616558
0x1b3cc974dfb9f962f9448096df229e52184e4994,5.872429593331912
0xa911ccf5f6c7bd5fb25188d41a536890c3c8fae5,5.824479800161624
0x27833a651b2e52e0f5978df0b4150d94c1707f3c,5.809412995840592
0xed1edecca537a6c00c6baffb4e8f6a3acfe1592a,5.79452819302949
0x9073b943c749b85e83390c18cd45df85dcd2e9cc,5.630641749390011
0xd454ed303748bb5a433388f9508433ba5d507030,5.566860506227149
0x0ea1e9ac50ec4d8db153580c2aec1c5ee13c0961,5.555127300350892
0xec30dbfc670eaee44d681a4dd6bbf92b99dd8409,5.514303969052056
0x5d30cadb7610e5ff1446b164423d76af3bb4e5cf,5.505610653576178
0xf1fe49f7d0486154aa354be47b5362643c5639fa,5.442731371444625
0x35ccc27b14439f8bbbb5d7734e1fd91904f6dc16,5.427192035365646
0xdc4471ee9dfca619ac5465fde7cf2634253a9dc6,5.3966326374149665
0xe3939654deae5f54fd3e6b84b3a7f75f245062d8,5.308756445584797
0xeb340415d19e506de42fb7e2e1ca09965ddbd6ee,5.252769676415526
0xdc14be3d76deb3031e768429d125a560f298ed97,5.174259033235263
0xd2d70bda86d2c2a74a63a5229f01b70669f34988,5.167602359247334
0x8f52eb74ae9c22af364e89d5758ad794b21a7cf1,5.1433824611201375
0xe65e74f39762c61ecbbeda7e65e52370b662d43e,5.138263094514842
0x049940feda4277b7f01ef10fca0b975c541d8fca,5.1158530727618166
0xb8814bff6b6085d7a27a375e1e7b9e8f1470db4e,5.0891599617333805
0xa2d76c09b86cf904f75672df51f859a876a88429,5.066474246351465
0xdcf937feb1761df3ca3f1ce861c14d5e0acb148e,5.061698569824857
0x54c375c481f95ba43e2cecd6ef30631f55518f57,4.948342268012615
0xb67d92dc830f1a24e4bffd1a6794fcf8f497c7de,4.927774417009403
0x6c965705ef4c8e1e91bfaeb8afc6797d4538c8d0,4.887811931878429
0x1447b49b636cb1fa24281efcd66aaac44188e3bc,4.839688058172812
0xe7b771b15f5aa7a921e4031d08a89688675d9e64,4.8396147192442776
0x1ac1d8cb95b316f6c9b555d9d0c2318974512459,4.818637488924101
0x4f50d47d20380172746527bbeaa274940c38efac,4.717535971607976
0x91615b4b8d558449a27ee5fec878a34a3cfbf4a2,4.690479068952106
0x2a8600bbdaab254a2f8a8e00912799295c3dd601,4.600983616275377
0x024336ae03ab34351de0d0e52b04648a3a00fdfc,4.5688996497114465
0x621091d1c013e57a37767521bd87208d497b09b6,4.4973689120544
0x6ed5d6f66916b393335d8568f64f0029b3a2d911,4.492975343656421
0xd0850efc20941c523ca501dcbf8366f118ba5409,4.407645802728476
0xf32fc1113f4769f59984d615e91a8e94548f2790,4.404532455263538
0x29c7b44e0584624c1e877d3ee0856520e2851ba6,4.404118387540229
0x3a8d5fb41b236660f5a20147c0d7292ecdd6b591,4.402819702389664
0x193f0ee42a199a0cecd479a9f09ba293eb1ca357,4.348461805398166
0x8df175aba312ce90aa03f636573ca99c29fbb9d0,4.3104227502797
0x289922fbbfbd38472d7e2a1652b33b834f7c0e49,4.248564207430442
0x35b2fdae54e3e85498b71deb5e6094f4b1e94e86,4.140630677069526
0x0d7497b25172314a575a3f4d99a46df2f43ddaad,4.108882534813253
0x0285590ef8c67938e0c622cbf1d2dccd110f1efe,4.040289057163883
0x185c034bdc0ca1d66dc75650d33dea190315595b,4.037234807056074
0x43b0d17cad8a44ab824823f8ffd12cbe36d59728,4.025939773731547
0x9709a9f77d4349e1da4220f1458fbe9339d612e3,4.0045885051052865
0xe1a24535d1dd36c2b1508e11138960c3950ab161,3.9978700022363394
0xc86196c861054ff3fea0171bf240e026ab20526c,3.974543438123772
0xfca399b892f4e8306fc31b312a3399f422976886,3.95995263394231
0xf8bb59d6ca8355e9d0f2a584605dcb7cb77564d4,3.9504967665672175
0x02675dfa4d4d6b3fb7d04e0c8ad000eff752bd89,3.938924461422709
0xb352eab4ae5864281b95cf1de234b9b8ca2c5b1c,3.9111316338215762
0x7eff7eee42dc0bd27081a78fe23cfe2a72697f2b,3.9030600146775525
0x7e4decb79416845691fda6729683ed3a8b18bd3c,3.898732709151743
0xd4e6fd78c21085d01dbd596d287360d746acf4d8,3.8640615506062708
0xe96e7353fe78ab94d1b43417e21ebc5af985f41a,3.8355323220498043
0x59a7d71d42c031446bd1cbc0dcd272b9bd6d289e,3.7815559270319867
0xb6c60f0e75df1452779b00cbfd8fef1cbcbece46,3.6963977024862946
0x25d9d6f36fb3773b98284624e2a58c0cb3c98cd4,3.672277969781215
0xfc143f933badbefe4e769047745cc23e02de0e90,3.672183571913364
0x792d7bf69b93ea383c11b10b07025da5abbfa6ff,3.6717222777951326
0xd7078d619c99799e68e0b44119d6da1c0367e43a,3.6679848470720735
0x034a984a8a32df88f2bafef41f656aa767abb613,3.640559259732465
0xe3d47beccb31d105c149b37a9486d945cca1e469,3.55566209353423
0x669f0ab96fd3beb68bc836bb874894bbb516331a,3.508479676841802
0x486ac3ed9a534d019e9e2c600ed7111aa05624a6,3.5022037819913012
0x69a35b0e8febce5bb8a66e12271c362536780989,3.495934901313627
0xf2e667febfe7f8ae25ba5636005a7bae2322000a,3.46578981562111
0xf313e4f2f79081b7dd5e702ca64e86aae3253322,3.4495573524310217
0x362c6e9a48d8ea1a19f280857fbf7f1cab520058,3.402693125728184
0x4d579370dc7e4b36371012130088637091445059,3.3830610870555664
0xa53a13a80d72a855481de5211e7654fabdfe3526,3.3571045430909465
0x53a58592fe992efbe84c714c3ec287b85f467ecd,3.33976978628857
0xcca5653c42f4bd2413a1ffb3010cea758b40df79,3.331211409387076
0x0d4ddea3849c54e16c85cb4354943dc876e05552,3.3255195689264263
0xd9a94545515edb558c3d408a3c990cb4ee067d95,3.306374470424031
0xdc09019bf362ada9513c1daf5ff6fe023549a833,3.2838391088362404
0xe32a33225b297b89322604d09b388bdc604712d3,3.268925001915172
0x428da84e14b52e4a1cd0afe7150abe27d1aff8c5,3.233949509080827
0x26eca0a132aa9dadc82b51ed1756f90236bc2416,3.157824284441977
0xa6584b95ea4e9018b1f377dad99448ec478a150f,3.0842621254262648
0x54c2b29df02354b0887ddbff2b305a4b77521bfb,3.0833170047423546
0x7224d1965f85572750a7bfb6845759de52a8b76a,3.035101770324099
0xcd8ccda6a1d9b14f4fca8e3ee557362164798291,2.9404687496927036
0x5f681ad96ce4ad8b3d7d745ba1e34109afebdab8,2.9373709810351687
0xdf0259238271427c469abc18a2cb3047d5c12466,2.93637166734029
0x855426c17bdbd23888b7b358f96c0bd08c522e00,2.9356372353359816
0xbe7eb2a7a9c949322f6ccaa1c857fc227fb14ced,2.9199645808726205
0x9a376c8e244cdbb07eb7856da3cac7f5794b58fa,2.909053483656255
0xa57e56deb2c03f647286cf9250a98f275f06a76e,2.90748022507939
0x85fa37209154b102efd1800babc672781133b905,2.907358027777326
0x9a16adef30aee2ae2e76572fcf3b548784ebda3b,2.903834127152602
0x239eec9ec218f71cef5cc14d88b142ed4ff44110,2.8878667810790577
0xdf290293c4a4d6ebe38fd7085d7721041f927e0a,2.8847298236204457
0x3c348653e7c21cdfaea32343b558593c8c393066,2.8720016617383357
0x1b370d90f7cd23ef93b175dbd4d2209b5fe22e87,2.8606300093072443
0x3d6e0cd2ca93c2c35ecf7ff7c662df245d0ae096,2.8275017240897786
0xdf1aefb979d180b4d67cca9abb4c5108c89dc8a4,2.825066842103552
0xd2d58f785ea44dec2d3443cae65fb2ad66a2f67f,2.800408103960069
0x4db6ec655eb2b5bc9dda13e0cfa6df0a301c5ba8,2.789257289787231
0x54f38f4e33e47bd13e7a0f46ed7afad61a40bfc1,2.7722505855550663
0xacfb98107bb6dc6d98f287a3860b8d13fa5afa65,2.675581542321651
0x96b0425c29ab7664d80c4754b681f5907172ec7c,2.6001196240122524
0xc4b0259cf0252eb3b3cf61f41e055e6db34f644c,2.571126247339733
0x7964f133d828eee2ed9f48f41bf2d867caafe902,2.5705743113838397
0xd02357256f2cbe7fed7f7f53e01198d921d358dd,2.569309138146059
0xb3315cb457c57b3d35c5ac7df068c20365def361,2.5588860861242417
0x79c4213a328e3b4f1d87b4953c14759399db25e2,2.511558749663539
0x35f0899275e52406a6f5f0c8854347ff334d02ea,2.496483790517938
0x1f5be3c931deb102a9e2c489c8abd074a6450e1a,2.4320780280950096
0x7ff5526f2b01b6ef5e30eb6b0066642476ee01a1,2.427299353693644
0xbaaeb7aae88c94d682dd779318c4fe0fc450eb3f,2.3679696900654683
0x0294ebebf5cdb1f96cdbda014b25ac0e95aefdca,2.3499958977098627
0x342f8c90b261675f3e20c94a1ebcab3c3f7c493b,2.3463297589737597
0x789a4791e02300fd68e3de22c3d405c28d1870fb,2.272979985231133
0xab39530e1664c5594299800d7a287d9cc7d0422a,2.260525438797285
0x44da00f9edf2d02fa37fa73fbe3ee4db5019f068,2.2351971979156358
0x5725a458b319d73b8ec84c47de80620e7b191b0c,2.2157363122123095
0x0af9c7a2ac12b37c3316cb5619089f1cb33a3afb,2.206625994003937
0xa82618668a71bb492d1aaf8948de95d73eb8a243,2.2049318801819484
0x8f9e6dd01128cc3c148902ebfa648bfcb68ad1ce,2.203421738483456
0x0a0d0a909383def8ad9e0ca8c1d0ddef5b97a477,2.2030562393789577
0x30fe0d8d2d81ea568ff60b6e28ab74eb7e548cb0,2.2004922076897135
0x83abce1657f4187b6b209d38d810ab480d995371,2.2004313613724493
0xd0b8f4feb248c994d25e6357c1ec9820beeca5ce,2.1961909533685278
0x39fc4cdaa0e79efe7687822f1c0bacc87e1deede,2.1881112423645703
0xb71347d0ea00c70b1e4a66698c4878db12a126ab,2.1699455767791065
0xc2d14c396822ba325aa8c8d0f6213828cb69d925,2.1432274053673233
0x09bf09fc7cf6ded1ff1c4e40380d5c8766de62b3,2.116835430890172
0x6269ce0dd97136106ce146ec6f24630ec74d4de8,2.1168016376346133
0x972cf6b3f83ef24c9becf6bc215b1f6b1f01bb0a,2.0792735109670777
0x09be9ab0eb61327d26904bae69efdc6633d5eec8,2.0763429463247074
0xd0944650d807fcd1e86baf9f846a13b00c786193,2.0620001091816635
0x0159dfc1c745dc4b10d42d2592335120f1f2d778,2.0278214642371224
0x289c23cd7cacafd4bfee6344ef376fa14f1bf42d,2.0094859568949506
0xfb75c37369156c6510c116241fee0b62e0a1a229,1.9818924375438136
0xd6ce2831ad9dda93bbfbf114f7874b809cf46c02,1.963760646997983
0xcd3cde8040627dbe6874fac9525bb24422e3f4d4,1.9387598195402709
0x51a865c6f8ba1327ff6a07c0f6782ce5870d88e1,1.9384965826833915
0x34c1c3405cd216c10da49308fbacdb230cb2a824,1.9118723996229916
0x2176596ef0e65834d45e30b5ceab97c0cd41ddf5,1.9105393613100465
0xfb1d7f6c700a053683f80447b387a891d5f76aac,1.909626146285555
0x9e353fbdc3ec7290290bda31a8001cb609858adf,1.8774390817544286
0x42d02f4cd48bdac116b7e3a4895f586777948fae,1.8691619198720082
0xa83fbae55302e56f98ebacea660e35f2ddcebd74,1.8432095060889602
0xfe212078eb0e439e6f558193b69276186be2e246,1.8368676188322626
0xcb98b2c2c22fcacd12ebf92676172616bb37d43f,1.83684048640813
0xf6269288e33a457ca8f2f3592f926ccfafbb89ea,1.836736893334431
0x4460752ad94ae56f1cc2a68904eadfa15a5727f6,1.8365023421183317
0xaa73a811a4898ca0e116376be752b3960d554021,1.8344547737862908
0x88d02f2be2e77b8a3ad07f3a4441c4151066a331,1.8333685736300096
0xe055e7a5c49090e20b69665440273dafcd17cd19,1.826413040996819
0x376a46322c00c583e7fbe5881cee27fc218069c6,1.7762213552145028
0x879e932b55c14ab7ceebb74fe94d2015fdc785b2,1.7653972939036815
0xd91cee8353074a35895c9cb78833c90abd3e8665,1.742637672793215
0x8f942eced007bd3976927b7958b50df126feecb5,1.6893645440240834
0x7bfee91193d9df2ac0bfe90191d40f23c773c060,1.6476703228960372
0x27022406aeef6ed606c6e45282b7729b23644984,1.6322142060829499
0xa2df3ad66df36274137dd5b4832a19d040982be6,1.62272701311669
0x2da1b995720cacead7f50876b7eaac515e6b5778,1.6206288337415424
0x9dab0995e37309b28f874a3f145ad9dfef372c8c,1.5691239437132314
0xc2707568d31f3fb1fc55b2f8b2ae5682eaa72041,1.5565502346099966
0xabe3b6c4f1b7e747e5c94833441eb3a741f2943e,1.5360177489488271
0x2f361bf60153ed8749a77645813b83a8db39afc1,1.5353725191050795
0x49b0f731e64739306e2186d3a272be1de53fd1a7,1.517999188963212
0x9fd73e943a1e80d4cb33aa0cc81d8da148824d44,1.4939177164470927
0xc9868101505f0d775acd6187a233f8f0f741b311,1.4793582840253976
0xf08b78ba2bdd1d1ee27642f15844139c4bd3b697,1.47410355013801
0x3577385c7b5a52d8fba230ac88c416cd97fa3ccc,1.471227065819588
0x2d94d0cee086b9fda470d26c0f58aac36d117596,1.469218596230208
0x2cd60facbd8e374221d33f796529c2611a820181,1.4692081139477307
0x25fb88e70f420addb51f9a99b484be66dfbea327,1.4687351716252508
0x05c6959d997cde99d2f967367e5e9f1959ba9706,1.4685873634647575
0xf539d59cb90a5f4f7354f9e290b68c462ffbc8c6,1.4680692286151935
0xe3d69bcab5daaea39787eeaf4c0369de366d71bd,1.4664834862855112
0xfce3fab283adfebf09675d6fb093609d73233e6f,1.4392196747413095
0xc3dbd0ea72d088f6db28205a7d89a3f956cd5ccc,1.4258441420247183
0xc35447bf6cb51f2be5168b28a50dd65f401c3836,1.423247975447445
0x2e06af70b635f3e9e6adf4bb2d3e507a3bdadd7c,1.4206852319201873
0xfef3f83e036bebc6c7d92e769c87eda6065b3166,1.4041086487821706
0x27658c7cf8381fd94cad53672922af4eb7b20fcd,1.3977109723109493
0x71535aae1b6c0c51db317b54d5eee72d1ab843c1,1.3894709316178466
0xa6a1fac4430cff1d6ca66e490ab16b0c8422ae23,1.3888900280540761
0x02fe842b7a312301ef02e4a82352f9a97a813dfb,1.3731848953818866
0xfc220fb83314b4b1e00421777cb579a68f17c439,1.3708198859774843
0x2a032565e00acfb4a91898efa41034a98ea93a74,1.3701225298509687
0xf69ea6646cf682262e84cd7c67133eac59cef07b,1.3651737271463389
0x1ee053db7b63fd16162c773b2f37ad28f03b79d1,1.3629099160423326
0xc887fadc6baaa8cd234d9104a65b37265522b024,1.3601017389968717
0x65274e52b12e0cfac2cc42bc4fb971447507c5e2,1.3529035556122297
0x90d76ccf4866a21f0f3d06f1acdb42bfdfc53796,1.3467323291824678
0x23d291f1b610b9881b99f300c5d70012739a9ef6,1.346522406487075
0xeddb1b75edda1c60695a4da3b3e3bb4c830c4b0f,1.3216359095034385
0x3e4356158d78d313b0f762965c9407a69af38d52,1.3083120218404245
0xccb82218c6f82a2b750cf0d65e21ae6eae14070c,1.3042227192461067
0x40e234f653ac53e94b1f097a6f67756a164cdb2d,1.2995661083946881
0xa21bb86c5ea3e3ed98baa50be086ee0fb931843f,1.2912949576236785
0x15e74efc6f4a63a1416bae8874ddb1e68240c667,1.2907775030202782
0x21234e59d1ffb0c8809f424656e21a5755e8c5ee,1.2846360677952646
0xb32fda40534b54db2ce93c4d748c70fb62dbff94,1.2792419953588667
0xa122355892040d2cf7bb3723fc97335377aedb1f,1.276428656380147
0xd5d0209bccfc2af108db188f6827cb2b3806662e,1.2745560425753109
0x7fe02ca835b711928505ea6725ccca6dce6db9e7,1.2714240590515622
0x1f032a27b369299c73b331c9fc1e80978db45b15,1.2713587812184228
0xae03fa74140a5681f0b781883e92c71353a8da0e,1.2650827108635607
0x0652dd3753cd000f11044ce37ee0e49cd106c2ea,1.2579422395393776
0x9ef86a4ebbf2e595228f924782ca6c325b107f18,1.2483385573338643
0x14e495f1c792185c4491b2317a02f3c3c6775c82,1.2426714529215976
0x2482dc04ac628a4b2700c071bfee557fd86c91ea,1.2365590602373326
0x152ad1bf404061fff6d893480de08ed64035bdf4,1.2324961787921553
0x315c2235d75880afe04310d71ec381dbfb29d307,1.2277906801600833
0x082214da6df7310ee70992b2359603e92ee73d53,1.211234160824735
0x84649973923f8d3565e8520171618588508983af,1.2109086595397425
0xccdecf16bd1b552e029f57c203d3880b2c1ad630,1.1745155978981823
0xef989ef6873e06c3fd71c9e7c913a7512b824ec4,1.174513234373146
0x1269b659abc50b75a9b77338ac0faed0b416ee44,1.1743785312053991
0x000f4432a40560bbff1b581a8b7aded8dab80026,1.1719233484274634
0x662e7e450e3d1d2c7dafb8d8ff37b53da327df97,1.1702698926708666
0xffd0b16ad371a90676c4442b4065ea01cf500e11,1.1689445336356663
0x7426b23ba5fdc40680f9e40fc4a2e80377785beb,1.1647913312437417
0x2b1d2d290268cb4c4862d4a658f1c2a663c0f79a,1.1594758617256056
0xf5e03b16b9f63b80b7616e399318c3b46325cc6c,1.1590845259112539
0x185196c8c5dd5729f22315203e09e33c3f7d7680,1.1510556291778586
0xd9f48b22e75c00ddad2b2dfff8d91fcf86873953,1.1139678213505446
0x3002be48603466f603f538fa52ba54949adc6782,1.1084492795506027
0x580eccb127b287cffdcb8935bc5fc7e9ec0b4123,1.1017062540723899
0x42b058d03abc471712d8386121e8d965a36b8fd3,1.1011158877614504
0x81d80ae9d6670cd9ffd28812e2360535b1cec339,1.1010888621054205
0x4846aee6d7c9f176f3f329e01a014c2794e21b92,1.1010357534375819
0x64257b8a791fcf74400b828b22ff0f3a015b4ab7,1.0910090561062438
0xd21b32470e1206e67cb3022e5fe1bbb494dd1aa5,1.0886320563309193
0x69b61ad736556a8f87aa75d85591e6a19c27d699,1.081776046040709
0xe10d59cd3ba85e97f759855bba9011d3c5c1904e,1.0812357258029
0x66ab525022c5291c0c3d7a7199a38b827586f30c,1.0811089523155297
0x8ce9ec296542ec95c0259572f1c8965c30cd7df0,1.0795482549469317
0x51f13c84b49b64ba6b1615e7d91b11066908bf3c,1.078786492266643
0x5e8cb2c4aea7805c15c4aab30fba16b427c4e741,1.0681580525532126
0x8bebdb7f971d126bed0084c4cc651be40bee0519,1.0660892122957737
0x367ba60585d9d491bbd269abe733c3cd7c545477,1.061233354093179
0x0a24f72cd49ac28c53fd4141f08ffc2190ae69d7,1.0565163201092007
0xa684cfc51bf2d794cf197c35f3377f117bf10b6f,1.0552571757729607
0xe6f3fd8abb61ca6417d386e67e9596c3492d49a4,1.0443982775837872
0xea0b55627eab7aaae8436175009b1afa5ad701a3,1.0436851235843747
0xb7f9f538aa1b41ae2853eb63f1939187ffe70eb4,1.0368536749058515
0xce429156fd7a69ee9c5ebdbaad7428c42823afec,1.0350370769657673
0x1e7127c81c8a58661a0811f026b6be66533934be,1.028262623739602
0x4f5ef03e870332a1b42453bbf57b8a041e89efe8,1.027775935411491
0x111118097b52f10dbe5ced3ee2ed543985311111,1.0270425765012032
0x23783f2d297555fdcbd3cda4b4cee5af9dd2a02b,1.020070006416574
0x57e7298d133cbade14fdc633464fec839dd196bf,1.0198572389219136
0x65d25e3f2696b73b850daa07dd1e267dcfa67f2d,1.0066487671214621
0xe60ac46bef350d5c234dfb1459ce1981e5cc7ca7,1.0005238954451154
0x67d9057494e2e1b7361251043843db3c2abf8177,0.984897313055162
0xdb9123dc5b366d5b6af249ff463d49f66d4d373a,0.9816045346155935
0x6ae1961c0fd0b5807d5ec64faacd0e335c5742cd,0.9690537593764984
0x085368a9232e9357395cdef5756f1ae93aef893e,0.9670513868864777
0x0b13f13c0e99f24b96a835b787d1347b33d87776,0.9616994170066677
0xeed7e1c7c9c68611584e8f6230178ce0a48eef7f,0.9546824047784201
0x563ed87d8818f446c29649de2f18eca87f6763a7,0.952478482608129
0x5d47e5d242a8f66a6286b0a2353868875f5d6068,0.9462379776150343
0x0ae2b017fea73623942698084c6a5339ed204281,0.941137417176073
0x68ecaa6b02a35bb806d2ad0eb42e51b53dba92df,0.9404587954248383
0xf4bd515d6b4fe4df1f24d5ca36ab74946d0ceaab,0.9392931340945866
0xa67c753c3b7b7173385d15ee44bfaee23b35316e,0.9380856753127467
0xaef38e36076a4897050ed33f477ba13686a0f793,0.936831005229435
0x8e10d38347ccb1abcb3017f0dcf29fd6eb38993c,0.9278381065572278
0x63fcf5f6e291614d2c296e443eac9d41ddbed1b9,0.9160691257332296
0xc1d43fa553b9fbaa95637d28d39862dc339db0ea,0.9045181009348431
0x24d02e64d4a2580d570666546ac937adab2b3e08,0.8893937938735492
0x06a525b31deea640097f2acab236d152503d37b1,0.8893145962895774
0xb5ad9930134e4ce81dc555dc06466db314f224ff,0.8815313503722245
0xc8cae4dbff0ed4fca7d9d66a08a922e112e68e14,0.8815125656442202
0xfc1fe78e45244889375b1f0436aecf97db0bf6d9,0.881188584809376
0x021c1a1ce318e7b4545f6280b248062592b71706,0.8810327257285997
0x52a5711dc4fe437e81205bfad22ffc43f1818df7,0.8809597462254876
0x263a13fbe5416661d8ff67c5d98624d1553900ae,0.8796775300349328
0xea52c369c89645ef77572645e26e2756b2cc0514,0.8665741195006593
0xce824663bccb32e2dad1a8f2a26b698290417b34,0.8600676902445362
0x85162b355eee83ed8d29c3cada25b80ca86e80d1,0.8556895638391255
0x35ebf9baf1bb4e74fb2769a3fc93e431457c4d40,0.8526905892077679
0x2f8ad912a0460cdf165fdd60ab80c363729f14b5,0.8491316061475741
0x7ea999db3691fe67cb7369439a2c0e184be208f4,0.8441980948866186
0x9c0cb93ee323e2a1960e1242121d3e33560db0f0,0.8414488293455699
0xd9d208471b5d2ce51570788db2d5ad09f96e1771,0.8383167729973591
0x03f43678c3713f12c695f631d708c5ef64547ecb,0.833382249419198
0x0e3edbe404f6622c18409e2d865e469e7b5e820e,0.8271509070871366
0xb3522064694ac9870dbf00eebc2712762193bb64,0.8209211779361352
0x2e465ddca6d2c6c81ce6f260ab13148d43e93371,0.8152350739886697
0xa7db09c8d69e38ff15279fbae2561a50f38df4b5,0.8118018894858615
0xf99ccf26aad027bbd11f1ebf8392ba729a454015,0.8117571778357835
0x3da9d70305b83db1f545a5d50b19208b93cd0c21,0.8086799916611725
0xc3de9722bb35450cc5b9c84b6f7c2f4d2f320d77,0.7996905520775509
0x47c3eb3dcdd524c2508da649d08f94571dcd398a,0.7948043346230638
0x37b1884205cc47c2bf5cf5a0248946c4c0c85724,0.7945014399857815
0xee779e4b3e7b11454ed80cfe12cf48ee3ff4579e,0.7924439496368859
0x2917eef556524d2eada6ce91a9e0bea7b768e64b,0.7918354868178453
0x9689a6e5f61e8c98d89378f45f487854a6ce9933,0.7859983118667819
0xd40a2cccf6b05d155b6d2484ac78bf01a3c456e7,0.7846774338630638
0x547b36b9710b5fdbcd89abf983c2b944bfc6c073,0.7811535023778243
0x469b83988610b92aac8c3ec1fdac42d531b9178a,0.7798319258507114
0x9cc5258aa0b2e6b81b144076546d7c459c1726e2,0.7757319605624916
0xeb1d6e08fb1d019c7bc8e4efffe0a66cbff10cb2,0.77254889910918
0xabca2289f0d03773e8b102248997e854aa36cd21,0.7664557163780975
0x5fdb500ba1d9b6be0c164ce609277cd968c5d45e,0.7523913537184861
0xd585cbcb0a390c2a2fd6b887e835ee8cc362566c,0.7523538098429585
0x3f59111df7d045b98fb22069738ef145208daeb5,0.7441460057842271
0x182a15931cf7e4d02c667177aa454ec51b6c7a8a,0.7420091781947179
0x300c4ed7847f02d5b8be914e56823389f8c3b167,0.7418966227045588
0xc93678ec2b974a7ae280341cefeb85984a29fff7,0.7414357753441245
0xd6efc21d8c941aa06f90075de1588ac7e912fec6,0.7405272010510205
0xa17a0b9e4a3b021e6cdbd9d102c320bf9b01d9f3,0.740413751734317
0x130dad1e7981abf598aaec5abef9f38b1d9ebd98,0.7396059634743886
0xdd6119dff50e413512ee823f2832820803b8b592,0.7365886032070843
0x4a01d3bf813e776f22129d3d9497fec6a024bed7,0.736080469334345
0xc79a1415847ed193b64d400c94a220bfb33d0e73,0.7347199746368972
0x5040356780ff3b3a419b966b7a0b013af814dcbe,0.7347015809851155
0x30043aabbcebbd887437ec4f0cfe6d4c0eb5cc64,0.7346967076582928
0x00645dd21310882cc32399abcb54e0a05b3b5d1d,0.7346014119692331
0x16224283be3f7c0245d9d259ea82ead7fcb8343d,0.734505215387343
0xac470bff425c8854911093f89c80d6ac364dc126,0.7343098708254183
0x2d7b10f39653321b77f6a53ff13bcdfd836dda05,0.7343011527763516
0x7981163dd394d7f45b8f470a7db099d9150480d7,0.7343000609782617
0xd70464a147925dde45821d92e07a49082107b862,0.7342793613627774
0x95224178293c24219c287d7bfc6ad148c99dcfde,0.7342692434639908
0x05272a105c6b9e8d8b991efc5708d9ae4f2a6e86,0.734253847875976
0x81aa6141923ea42fcaa763d9857418224d9b025a,0.7342230867405936
0xa2b08af6398647bafe85a8a85757a94659881b35,0.7342037489130544
0x650dcdf961343daa03e7f0c3d7baf0ea9d2a1120,0.7341957961492164
0x060c11aca4d1e43889fac7abc705fbf7b53f21ea,0.7341714297576181
0x303f2d38ab911296deca9dc19968a854d9cbcadc,0.7341410166803256
0xd66081526b3b447f9a1e63e6b2263f2fdfc9a765,0.7340853081986771
0xa63519e67dae9a551ad34ae679cf0e911a78381a,0.7340426361162908
0x703705aa9d4fde9f772bd89d49a6bfd6a9d95b3b,0.7338007572360337
0xead264c23184da8324a9fd6589ae5a50234d5691,0.7336373320369901
0xe4d29bd2e2889de0f294bc3ebbe86a4041185731,0.7334243231324955
0x9a4484bbdae765a84c802cf0a4777d8b16ab1270,0.7288778150801126
0xad4489f64a8be791294116d3e99d2721c7f0a72a,0.7125636900276183
0x51323f142afbe3e9518f2e4780c774446a8a572f,0.6974544637925907
0x6630a2af9f49c14c6bedeac703eb56316bd0e950,0.6930039205441634
0xb620f22eebf8dc135a95411ad074a3884fa55f14,0.6906811841393152
0x7f957b7fe99dd0d515a2283420b6d8702be2ff18,0.6864448761714883
0x3dd546e60456cc06d51687dad722a734b73c0bee,0.6863837695352175
0xcf5b5b76c327fae151ca810146ecc7b51b6767dd,0.6814049653959825
0x8caa7ebe5c6ae6087fb65315d1b5aa7acd33b854,0.6807333926714253
0x45839ad9f6c924278ef3b40102c24220546efd0f,0.6743713185649242
0x937ce112196a68f4178c90f1f1c4d4acaa1e6b0f,0.67163174587101
0xbd22896a3c597a57c0eafdf47d3bf1e283110820,0.671248007529673
0xa357cb3ce710a4f90fb9d56979c2c3634e3965ba,0.6688787713113065
0xb21910d78f53ba59f09174ec4140acc2f6371c50,0.6662082225992583
0xe25cc1326506b4d766435e82efd2d2a163fb5d47,0.6611446841871181
0x1da158559f54d81b13dda7b9602cb5e09468ac09,0.6609032136374899
0xecbbc62189b18902e9abe7236edfa7964f7e3381,0.659273717827918
0x1da75fb0da32653fdab9ddecdb42f2ed61f8a28b,0.6545565032152239
0x48630766935b5a53c3dc07554dffd2c3f244f228,0.6518899281355486
0xa0a44af2326d0e647e6d8c41f7714ab7824d89dd,0.6485534979498828
0x862e245f403fe2de6d1f9043bf40719976e22a72,0.6425977322116008
0x66c64403a6b5f5e18cc6f88b6b7e713195b1466e,0.6391816250426756
0x441557092fcd8e979a64dc8b44216f8cf6d07880,0.6383211410251117
0x342a84fef52735aa46b20632bcba5a3aac5fbca0,0.6307796212217476
0x9bdf247b78c4a7a957523ea86dbd45f10e2b8fa4,0.6263131727574583
0xc18e70163dfdb13e4057f67fbd1f4ad9c231653b,0.6243116435217153
0x0845b04785b1fc11e0cf9012cba4feab6726a663,0.6239849440082188
0x23af55034fe477c99c8eaa9586e6a21042bd39f0,0.623447516759374
0x58e316d51ada862d71fba22ada6f56d00186af13,0.6232960976846341
0x00000000b9d747ef42d224e572a5b7e6488929c8,0.6157282223999018
0xbef716e7fbc844020925dc372879becd2f932bf9,0.6136307216229108
0x0f3fd5d797eecaefb9e21c63038091b7e60fa031,0.6119671965739039
0xd1c45ab9f122ecaff68582c14e420c97d161b555,0.610822833707389
0x34cd8a21e92b0abd558ff02d6cc7a9e12daf0ff1,0.6080005279468887
0x8f9be4310f9abb0e5843cc6363908c9b01dfeb3f,0.605431997681201
0xcb9b7915395e4d689dee573f1f48b60b54513fb9,0.6021230383871483
0x97eb72f5f69361240b255156a77228acee2419a0,0.6020692107570546
0xe967d52ddd6a7e02ba236dcb024f1ba9c31d43c0,0.6009086944411381
0xb975b16cf0d79a2cb103280196af55f1fb0c8940,0.6008615064346863
0xad2b0d00e0659626d3d42e71f237adf3559fe036,0.6006668930561208
0x2286826b403961bf1cbe1774097134e3cffc2f89,0.6005650996093935
0x7e4f1a12269c55d23c50e91017876d8a0b2ef14c,0.6003707313878547
0xd2086fb57a4d36cbc3440b0cce64d77f9645ad10,0.5958753154584225
0x06b2f8a86698b0da405a55af456495be2aff5461,0.5938801978642642
0x33bb361ff578fa67a726a39383d430b09f259fd5,0.5931398402511131
0x0dc1f2633d657122d67735d9606e0b29f5523aef,0.5909321626710441
0x3ce975b9a66a755ed77e75c352f5e827389daba1,0.5905466684498037
0x0a602f69e4f2e05f3c6a4d0164182d6ad0262aa0,0.590537866160502
0x558ffa49df580d912c557a203abb6d50425daa37,0.5905192777440872
0x3d019489b9eaa9e80e1a324b2df80307bda0c64b,0.5883976019443635
0xc7dbcc064d3284a9320f074617443508b60263cf,0.5882704813370877
0xdf211065d33c6907aef314bd23d2f09a1ccd9615,0.5880198623607609
0x056c23c029da306b0f73f3e005f7a31bfad7af4f,0.588017985519169
0x91f3b351a63f7cdbc3dee167a17ed63e450d6496,0.5879582481847755
0xbb72b4fd0e3de5e2794cbf55745102a047aeeb75,0.587955891766991
0xa1a670d5fcd74dd496a93644c11eb750b18e1526,0.5879273540257837
0x3b8fb194244f23713fbd2b747118da741e3fdf8c,0.5878928020470603
0x22032b4ee8bd4daaa6d569b29bd5c9be1fd13ff4,0.5878037980405499
0x469adaf766fb35f1a3c2569fe8c57a50f4b39131,0.5877974911966151
0xe9ca86b78686a5af0ac39cc3be976c95395b5b06,0.5877971553157993
0x823131aa27091130ac0e82dc4de959ce36393df5,0.5877968570833215
0x9779bba5fed0e58f8414f9720459dbfebf36da41,0.5877941268606002
0x795f7c269f67235aaf5a6f6d454d4fbd7c13a8b0,0.587790917564045
0xd2f96f8d1884cfd7f3e10611a86d9e932a235ed3,0.5876843460221152
0x5b7ab4b4b4768923cddef657084223528c807963,0.5876829772956739
0xe126b3e5d052f1f575828f61feba4f4f2603652a,0.5876751893803909
0xc785b60bfdaceec0c106b6504dbe4575a520dc64,0.5876646977780495
0x464a215862c89ee45278a9426069f2b16e08eba8,0.5876600777093766
0x31d173ea66fa8fba38b3ddb798c1c1098f3ae8c5,0.5876267058183406
0x72ba1965320ab5352fd6d68235cc3c5306a6ffa2,0.5876219804147741
0xd095dae00f18abd8564e6146fed7bc1b1aa83982,0.5876198260377391
0x28431a1446c86434ded04f7f8ba6808649329f4d,0.5875784491310396
0x0857d7771aa13a0988f7aac9d72bfeea6b69d73c,0.5875691096092749
0x7f0f88b3755721af66c81777cc10f2bd4d23d94c,0.5875632683190509
0xa54c8c154ab7792846f9ce9139cb6a19a3fe4c5c,0.5875624750710028
0x32ea0159c33c0c44e97b96d731151088c8243732,0.5875615600699363
0x9cdf0dd92f48dcc771bc88344b3ae1a4ebfd5a75,0.5875543725647329
0x70b20209c83ec8d01e3c7f2ec77bde7c40cdf2f6,0.5875402678809303
0x4414c9c93bf6110436251a76290852630f4769c9,0.5875378734756825
0x723cdab3e2263bf7e7aa278c94186922d49faa91,0.587532921535594
0xc069d790b4c0424267b2a0b08c122bc4279b420e,0.5875226985597994
0xd922a8f480cddc554848bb645ac9faa9393b8c0b,0.5875218614642302
0xee0b0271918ba62b939437af831efc689365112b,0.5875213102878082
0xf8001b5b73a985a5ab8a65b6d1e987868c068355,0.5875211033200861
0x8da1dbeca9f637fd5ee5d44a017b2e54ed235255,0.587502689387648
0xe718bb18d8176659606b3d7d3f705906a9d3e1bd,0.5874902017547468
0xb3430b686daa829162d2aba22c815ad3b5882f00,0.5874788476464278
0xefcde2d62ca23a4810c6a89107d0c59dcd183de1,0.587473395777509
0x8d4b39954480a40a9ee3bef61bb24666f74d7012,0.5874630995242704
0x9628f11c8fbf15df1307ad5284398ad7dcdf573c,0.5874358465684588
0xca9061ae96f2728259e328aeda513270532fc43d,0.5874307159444095
0xf54eeeb761f18da84a0c8162484ed32b7d490716,0.5874301161572127
0x06b1bf28c962363f212878bdf87417ebd0316220,0.5874101592654434
0xc95adae711dfd7c741db02d6645d24aa91cec563,0.5874077463720387
0x050cea859b5a93ac7bd4db4572fb7d90b7c63cac,0.5873800321233992
0x301605c95acbed7a1fd9c2c0deee964e2afbd0c3,0.5873716931294944
0x0b5a3054e7d7c25c23ee8b7fd7cba3d2660bc6a0,0.5873003538166456
0x94535de0ee84f36343c539285183a98784f5257c,0.5872838729240087
0x83c99bae963285b1f0a82a1c326fd84bea6438d7,0.5872816573136519
0xe8301b6230b387a9298438e65952ecefb2d156b9,0.5872760899288448
0x78ab05fb88d580b83ca4f90aca6056498b69747a,0.5872744551626324
0x1a6955d61fa53ab9305178cfe2105931f5a0f5b1,0.5872649685931269
0x832cdf3c7fb0c38f95c8119b2b887d2db65daa9e,0.5872609778262765
0x4ac4ff89b9d4b3daf54942e3df63751a4a54c735,0.5872566835967297
0xdbaa8b3ae4409348e7159b0966641d29381ad783,0.5872268561715706
0x8d37185b12ef45e80843fcbff849a3d8bdbb5875,0.587221587882676
0x0e64cbca254788df4a8d29e3721d077d91d0d92a,0.5871999308081948
0x942c82b1fa3cfd5d383e30f27ad6144e9da2f9f6,0.5871881029885077
0xaf9b8e169e52faf91231c7ecce1bd15a87d2a95e,0.5870694627302749
0xff51712c8f5b7108d1896b94ce5c183659b82ef7,0.5869677931471906
0xdfcf36f5c9b254cf08612ee6db9140a9be798176,0.5869076192917319
0xfe6524ac5f0c01132785e56d518b77e89184a6ff,0.5869033219426762
0x7c9ec14e0f63e632ede8c0a4e78f26dfa1a041f2,0.5869022415657266
0x415fce36e2dc12421f20b93dbad1dd68bd2f6db6,0.5868729067471133
0xdecc5aaa3b97482097b54c2cc3e8cd9ac8ed4821,0.5866638207433419
0x3fe97bd7b1a5ac53069f2824c0118a4d66870d46,0.5866510645700445
0xe40a35702d7ba6d1047067399e586f1c9a6ea417,0.5865088033997499
0x2c5abc767ab347a852112b80bf62b221f15a6fe7,0.5864897963837015
0x3047bf8e87f0786702b8e8265c3b04cedba920e3,0.5862633279679217
0x91968e4bde01e1dd5d595ae4d5caf306797b6d87,0.586052370390195
0x1d80767d1c03286843212076333d8252f2044b16,0.5858587462923205
0xfb9dacd74858de050de6ceed43a5002c340eca01,0.5854404868106713
0x65e750698123c5a903e674633783baea2837b23b,0.5844919557861882
0xed9f4d82be23e84cb1a7be8409f8fc3d955c122d,0.5810153434989792
0x5c12d06bf4e3636b9801d217e1c7c67c045cec6d,0.5805354706210788
0x663fe011b7fb8fd76379815bf8d3176178e8a415,0.5782258111830175
0xcf50fb42926b255747fb8b0ea8e26d4e66952ca4,0.5764739263968512
0xdd99fa1e4312146cf5029be7bdeb18c912f4f82b,0.5737027229316013
0x53a9d15e093dcc049a22e13621962be4d5f302f9,0.5735130080659914
0x30fa8c3afa428b647fdc50728f70e67e7f0439f6,0.5722792747832102
0x15d2d3357647459c2c4f2e16dd6a1baab5e35e04,0.5722686102942455
0x329a71a7e9ae8178e4f7cc7b0ba844aba0a584b1,0.5721597488927113
0x2c1ea8f94766117051490ebba7e5d6c2a11dd4dc,0.5695263557703044
0xf6210b4bb2fe841630eb50001e688c4bc058b602,0.5674496324102696
0x71a1df0d820d29c784c04865904492ac38801a04,0.5671212992367657
0xe36288736e5a45c27ee6fa2f8d1a1aed99d3ea63,0.5668394693466337
0x4fcbd0c9c74afdcd9dc2855e46ac703cf115c119,0.5665684587257765
0x456a4c53b8f6b25c9480d0ed33b8c88d5e2afe90,0.5657669439954894
0x84b6574e0d063caa25d8364af566b7f13b0358ac,0.5603589653934133
0x3ab1d47d5019fb5427c951afee917853ed8b7c66,0.5597743898185944
0xa6e615df1824cc71eb7ae5a823c5808ea2b196fc,0.5596857827801718
0xb1f72d694711fce55c62ea97bd3739ff11cef986,0.559558615146503
0xef7935913857a6deb46c609d54381b9960396771,0.5553339198409404
0x06c1a3b6d3d4752e45d74f93e25e9ebd1f087f55,0.555208956978231
0xc0f90e81e6c89d7581c55dade471fff8fd3cff60,0.554021553258031
0x529f3a6a8513ebbd33bf0b88706a43ed1eebfb9f,0.5535461768111161
0x69b38da50a977dc61c7571c9dc8192ea1a884dcb,0.5524170255075165
0x7db5d398d3e9b1d0b1d119e53af3e03164637ed5,0.5497467748251206
0xcce8c6e169bfad163c29952fab1cf4fef71744b1,0.5484153717800703
0x4a030eced4f10080c6c2ec91596eb1e798b46b76,0.5444773085866521
0xb7ec3afc8ea5e99686783839a63fb2c4cd58fae2,0.5441430921114362
0x0e43b915d2d03162a36dd72031dd25ac575912d6,0.5437985824486701
0xf63266a34d848f35b4513aee8847d8f3dd03a905,0.5429740143305172
0x2c5777e59c3344322639d81288cf2af002b37d0c,0.542594418022599
0x8b1cb6be9f35d6652cba5b8565f964833694fa4b,0.5398490865039952
0x10464d14d27d5115a9c9d4d9ec9c62e5c7146ad4,0.5374663412353087
0x181bce411ad443fcfd74fd088326469ad4dca3eb,0.5359549543132571
0x0ac48977074e7355e09809c80e4f411d446d063c,0.5355099192209085
0x72e1638bd8cd371bfb04cf665b749a0e4ae38324,0.5295890033348374
0x1f7f45c9f9b06fbdce26a0d02fd72a72daefb7d3,0.5244487828214914
0xa3e2330e4fa9bb23d7eaaa3628b2c1906eead200,0.5174510245169884
0x8c5fc43ad00cc53e11f61bece329ddc5e3ea0929,0.5166926723281869
0x8f6da831710a8d30de1111aaf28c697aaf5056dd,0.5164944821949989
0x004537fcd9095489ebe38180a382341b962b501d,0.5094970648071939
0x4bb9a1e3ba4aee6f6bb76de1384e7417fd2c9dc2,0.5084918823209602
0xa8f9b278a9d4060c0b6cff0b2ea923bf16911948,0.5081626393246435
0x350b75652059725c6e01f16198da61bbec33ed5f,0.5077226361817697
0x0ea4611ce30252157e4975d7d0a19c80b7e9c235,0.5046193524738114
0xdabc14db1667def2d9b105e64649747271915d88,0.5039393283196689
0x1b3efcd48aa4c56a78b082d64e4c1992b56c8146,0.5018273807455632
0x10afede2cbfe25ef2d66a481cf8dee5e48f97333,0.49976606645031657
0xa00c99f5f955552742f1089ded88abdc74e67bac,0.4984890659820144
0x43a76b5f376e9cd029a2dbb744ef70794b7672c8,0.4894172962096198
0x8bea3b538d093ac314fb2b9be133607429705d1a,0.48746647710492036
0x2492a8400813764952c89a88232f1221858d9c10,0.48485824436508257
0x2f361e48a3a6631429f35376eccb2ad79cfb5db2,0.48237567757059935
0x6daf4cf7943101f4471dd5b84a8f1209c8ca7946,0.48009035334976163
0x40002c2dd52da0d1cf5aba23b7397ad3b5b273e1,0.4791981849045329
0x81ba93b26bce8ca5d649b6607df15e6d45462d8f,0.4753472215433194
0xc6d9f798ac7d130e51f241f8f3e95961e21e171c,0.4747070772234287
0xdacaa8eab8cfc102d2d8fb6420e205a8c85cb3aa,0.4744863066611948
0x0e134124dad59b5b3b219ad40de7143140799b39,0.4719542533682499
0x1bc3fdf1c126827dc59ad76697131d5d47836778,0.467722147349397
0x040a0c8fd6c4c929648f1ca4aed3745ce3f1eaae,0.45509625672455367
0x6cc76d20646af5e6944bc6bfe60d21ea3fee63a5,0.4541840362140463
0x68a7ac13477aad590982293feeeb786a00276cf2,0.45368435232892945
0x22850b8af7e08f76a1f094902c44507cc891cb2a,0.4509302041708983
0x50b1b2718aec11dd18f2000dda8ad5220be94791,0.44936987701630465
0x9ac613c678af073ec6e77a3ecf4311fbcf5ad6f3,0.4465961899066508
0x7b334ef4f1a17cb5685e495ec946ac48c47c9128,0.4461914633054933
0x61e725451c31189a32a6ffb604b7c23475eba10b,0.441604004667321
0x2816affb6b2e646e2d9f2529c5affed6d13e0c0c,0.4404650847919347
0x2d4f248ff1e4eedfac4aa636a1e7271e44aee5c1,0.43991946630018575
0x57a25cbc79aa97a48f1db8bd949b837c8b6901bb,0.4386284001740227
0xd7dedcf8ffddceed9ad20a41a5f88dc1268b3ad4,0.4384577647271289
0x1a616dae57382a9084c026d3f475aed59c2668cb,0.4360127121446069
0xe95726bad94dece67a51e989fd05bd51c94b926b,0.4356159560269416
0xdb69537109999c0255cd431cecfa31ed807b5072,0.43384365422704146
0xcd464ef9bc58b581a36902736cfd9db366ef9ca6,0.43348712335880557
0x65870575837f98511793041ee5c0cc4db911b01e,0.43037816709278587
0xed8f4afd05176f9666b65c8a65f4456b8edd5c25,0.43018013302521557
0x6ea8bfaa4697187d3bb1e27688931d73bcbbec0b,0.42784494232427855
0xf9b2aab2656c8a3528bdc3854329745066d4b9b0,0.4263351379125574
0x864de5bbaf4b8c808e94a8385b95b0855d170137,0.4228062057913217
0x8726213342233f33975c05a82503322cbb435683,0.42277662949103445
0xb7d672703e7987715912a0784be91b27d1098c89,0.41889106742937293
0x2eb7e3390b63cf207f20299596cf21ea47b90812,0.41726808215016126
0x9fd8485ade209cc54e85e6170b81c904debdcaaa,0.414575341305367
0x937d36cad73587447221fad6ebc940e90c7ef981,0.41082892366125046
0xb14d56ce29dade0316ea5df06d491636a7c4f3c8,0.4097401423473323
0x26f15d99791329cea2d7b1d68eedcdbb4a8cba53,0.4071610999505018
0x51c25230335472236853676290062c8c7a0825b6,0.4060557692927939
0x0dce0c545dd489364b049351958461d982cd8daf,0.4037996022112864
0x8da35b920fe236a757a0fad93d3a3ab8ea0a24cc,0.403667770565471
0x79e94d515b656565ae72e0ee74390df484daa0da,0.40216333523024533
0xbf022b19a5d389b0129bc6d0856051ad4838f986,0.40118505128155413
0x45f45a83b71b0d1ac1b993797d88cc3c08985d66,0.3973300274148224
0xd460db3e36e4f76c034a6fe59bec845fea0bb7d8,0.3954257340294718
0xcb8f9aa74b8c750fb2a8739c58b0570ee5377075,0.39521639119087376
0x10f53b57c6a6f07c9d9684e774cd77a4d29ceb3a,0.39444464096276005
0x5ee4bb8cf037a6c88da5fc3e84f5e260984daeb3,0.3866917692298417
0x58e6949e73654bcf40de6f99fe09ae29243b17c4,0.3842935905609409
0xd5e1f0da7606ec902f505f8d6ef5433d4ef11b3d,0.38366504430462905
0xedd5a10d3d719883deefc7d04f23850cef5b1351,0.3796266571675368
0x605d50f68e737ebf7f6054d6f7860010fc80971f,0.37922666784142534
0x6813f3e2e8925da575d3c9d6e427110409bf7b6d,0.3775156000670532
0x432dcbda06e8b296ca29705572d7cb6315ed8bed,0.3769880776517462
0x480676b752b663e609b6367c54a1f7bfbc11ab3d,0.3760165446320675
0x787fa9a8c6cc1aa8f11197b703d39a17a2e4842b,0.3745683845287293
0x245d21333786d70ad8b8056d4be67425554782ce,0.37419865219507475
0xdda42babfa867443065e4fcaad2bc3a55f4e2dbe,0.37285675924239553
0x91e047d5bc70fcbd97158561a8a3832875598a90,0.3725798052749727
0xfcb13e419dbb2ecc2502f7d7e5c6e255bcca0232,0.3681852240515511
0x55f6986569c9bae8263d98a33770fc196e72952d,0.36511181281075133
0x10c9cca806ba4a8f580ffedecd9c2e8a49e6ef91,0.3650223170134737
0x2433dbbbb9f6edf74ea9088255ba8286b43a036f,0.3633104849120116
0xa26bc7e6cdfe1d6e254e962a87d7fcb6941b6060,0.36277442759699347
0x7565deddcb83a14b185eb9520914bb918cdfe983,0.3583576690173328
0x7718e4c52d558e00c83c7de8315dce149d5d31bf,0.357390097321502
0xa0d884d99316d14d7727a6a9223a8266a4595468,0.35646735780799
0x63fc76d4d4a7e3d4d5a5433af8c4cc7dd4f261b5,0.35566712207379886
0xd0a5266b2515c3b575e30cbc0cfc775fa4fc6660,0.35408490457932495
0x0331d52f47b0b5b63b9f903227e4c13f3b37312c,0.3539829245929436
0xa99c4f924a167cdec1486aa9920de70a48455ab2,0.35354474434161615
0x11bec3b07cf15133f63a9367bc7bbc80a665706d,0.353305853734577
0xf30109ef265ece1962a664d9376bb68c9b02db12,0.34951675179832653
0x5a384227b65fa093dec03ec34e111db80a040615,0.3412757494797354
0xb460336e8850ba79c56cfa6e47de2fcd3d2d3d63,0.3395306797585007
0x0ec890162e96896252e2f88e96106dc3affa9245,0.33863114699411667
0xe16cc6fb4968fffafc5e4b4510eed5ec06681e78,0.3364387364288586
0x09723e62441ed6cb251d7d564b08ec31840fa043,0.33539160113066024
0x8f0a36878198d9b0b127f0bac24b114405c9fa2b,0.3297428769850673
0x5f071f2ce06084811be5b2ef2e9d2773f53d32cb,0.32878326121391027
0x654008bf3694645dfe5de36c77d20f054fdd9f58,0.3281616728442632
0x418eced7262261c57c78de9396b86a580c556fe4,0.31203370454792667
0x6631b9f92f68e85a26a505aead08ef35e3e055ac,0.31107270503769485
0xeb18c95d461b49000084016a2ff5a07a735d1768,0.3082991992935597
0x773a8871dbfc2f5d699b88b8c37b3cec0cc62281,0.307651386547585
0x23b11ff67c2193b97cb37771d15a537b977d2278,0.3064140501341863
0x839d195bf635e222893c6516329235e904f8b3cf,0.3062992173482097
0x9d07e3406d3e7ec5e19b6804f6f821f684c9339c,0.30621719796273555
0x459e9e7fa2631ce07a8369beeaebce0a660b9ecc,0.3046849925432238
0x05540583ffd21ef97ee1d532cfbec97eb5a0b889,0.30297808428104606
0x52de8b421f596edaf028b1ffcb92ec61cb9622a4,0.3029604639140614
0x9ac52b634ed0916eb25c8d9aefa40266d1269d44,0.3021153768273106
0x1200eb4fa3df9903fc6eff1d7a4a5d17502329b2,0.30035868854515685
0x5fc79e21ceca2aa0f7a0aac71ef3ddde8f004e9e,0.29880384667979554
0xa79da05566ea8ffd181c45efd6f484616f6eadef,0.2928586102743689
0x037ce225946fc6b419e768abc7e5f03356bb887b,0.2923212920364743
0x00b113795f1aa12ee361adc6d281392802d0e025,0.2891263861962835
0x60fc976145dd135c6bbc7df9406a60e8c2123850,0.28872461668540195
0x2806b72cc5a241b0b0c458356d4f1a58418817d2,0.2883274413745022
0xfcda475be963071ac315b0b44648b94322355d3f,0.2840060180038938
0x905b3f2955debbb0b8348222f16eade407455d88,0.2795031836001541
0x2bd2d2cabb845bef03d4e3fd2bd693114ddc59b3,0.27781494861445044
0xfc436651f2fd4885ad645035a63a7cd22e6a868c,0.27638506777794264
0xb052589048314f63b09f5a8c94462d8fe7bfbdd1,0.27423641406351
0x32a563a68316aa934f4364e4b7a729b35de99110,0.2717680174121881
0xbd1f7d88c76a86c60d41bddd4819fae404e7151e,0.2716191418277037
0x10959926fb4926d181a2ea46ceb234150ab70c9b,0.2696045135566918
0x18f768455e7f5fb09fc491fd86bcc282bcdd5973,0.26634755081883255
0xacbb228856f194aa5f7001525211c22f097c75cc,0.26496604324747985
0x001410235f1f3b2810d9a82b9064a09ae7edcd87,0.2633620923398746
0xfa487fd1b1e036f58f201b496389a45b32394672,0.26205321285701644
0xa0b46e0267d4d3f638ac71e039c43680e08263e8,0.2594243108669016
0xa42e8966423afac3f676715d1928cb758aeeca02,0.2561828633008393
0x83d2486b9646cf6f7a4ea8f0cfa8dfb961f9d6bb,0.2556467218758999
0x84bcdd8d5366007dc1bf4011f4959f80fcc44475,0.2541471338821095
0xdead25c40a9cee31f008bd292810eeb684a595d3,0.2521622695642997
0x11a163ef98b019dddb0dbec8afb9fade50f1e9e3,0.24948889133192179
0xf358f43a6b5b2ae8cbf9ce1030d215a984076f85,0.24802465429948745
0x7ef6a98f25ad6d57d4d7b0a0aafbfe9eb996c9dd,0.24627556996432784
0x4ebe485c1df060f6fc6e3c3b200ebc21fe11a94d,0.2454948952147707
0xa67cec225d0e90607924ec090a02bdee68f035b3,0.24257044437499475
0x5bb3e0090754e12c6a0ae1eb3e3bff3f654a2376,0.24196595485064484
0x3ef82638b94b442c40a16309868ef3664aeb0b8d,0.2348621022521737
0x2ab8affbd2e90fd508200cdd6ad6dc93fe93fe91,0.23149652930227663
0xaafdd768fa83ef7af0e19707f2be9d1db1924766,0.2248187258194537
0xe6edab836662a5a9f8624f3aa4c12a53595ebb56,0.22064052083671437
0x299c437702b2ee9ad9dc27f95d294b4559462ef4,0.21794086849524788
0x8c340ad3e0ca75edf7c023e3d128eebfc4d7f2c0,0.21519140485763635
0x1955c2b76b1cf245795950e75eb176080879da50,0.20300350523558533
0x530cf036ed4fa58f7301a9c788c9806624cefd19,0.19738416243883974
0x833bf8d3760b38e5fc26bfda6114957d0cdfc01a,0.19330106701891978
0xb87cafb76de87aef6803de03e6bc6f1e9c8312b1,0.19025820411989244
0x0cd25946115f3c474a123b9147e7c5fa89c1e721,0.1900999906130552
0x1e8ee48d0621289297693fc98914da2efdce1477,0.18973493317377635
0x66d45a4ea62d3f1335632c0c254004d05e9701f6,0.18936832228167244
0x4bdf74d250527b5210469e682aa7d236191d9603,0.1882008839837663
0x55d72cbcba1ab5c784bc52641d16c613e3b9bad4,0.18753857134600535
0xf160b43c3bda6ee95fddbe976739a6521f5ccc1a,0.18358650175713098
0x19eb49678d1fa850761f620a7213f0d5daf330cc,0.18196863093952492
0xe18d21ffad20d31c0692973a9c183a20672c8356,0.17915873845844746
0x380bcd10d0b6bc28c2ca14f9508447b9e2dcf2d6,0.17898988123934328
0x7afbf171aa58de88bc46923544bf4b6c383c28c5,0.16932658273287687
0x691fa5626faff0daaddd416035bada13ac88fb61,0.16757548748373938
0xc7695658167e9afe23363184be8d599faa996dac,0.16663308044599612
0x45912a912115ebfca559c9db8867443b64b5cffa,0.16523315324635102
0xc218d847a18e521ae08f49f7c43882b6d1963c60,0.1636238956550605
0x8502adfe5318f0b302b26f3ca82385994a63bb1d,0.1607982536806381
0x51ec7b4cdfb75230cae81e8c32f99504bac45d7a,0.16022097561142445
0x07c423f0ac87eaa76481dd86d446a2807cf27c82,0.15602780223499604
0xa8ebe1eed676d5bfeb7f7b5933625281489af8a3,0.1553102601085787
0x5ef16fabb529bd75d58df0317dd533803a269269,0.15284761432352895
0xc7b423e6784a3781dd8a26ab75c0c2f227eeb470,0.15256361890192516
0xc4ee74f3721e1477f0471cb899554371a56958d6,0.15194238310121466
0x51578d112747f6fe5715944a3e2c9ef539d5656b,0.14747230820267251
0x81121696caf4d05ad0954ed8ab552534448f9d29,0.147076282084253
0x3e86eac93a2dbb4faeb8709d77d451aeda710ef9,0.14129747455744376
0xbeb910ae193dc54411747ac236e67d221ff3f1d7,0.13998728702393465
0x6e43d04a2c8b8dc3a6fa9dd35711559b493543d1,0.13852121471222395
0xa0d71d516c6149c958c489ab24223c99f5df906f,0.13723020200110997
0xd9a77e5c791bf4d3f9a4bd6acbece00d001e2dbd,0.13122248157341315
0x419138f45b8cceb4cb737bd11ae9002a5cd268aa,0.12801997580074226
0x3d534d4f6099b94846b905068bc1d420258065e8,0.12483203924223646
0x50ef6d20dfe998ee403bf4127ec07d9f832fe10f,0.11708774732099354
0x465be2d56e2edfcb7b03279f8c04082f0556ba75,0.11693394703567932
0x1b3ed697132d1592d9a2e8b4c20982af8bddb7ab,0.1102812195128025
0xe8e54f9b5e367e952ddc8a556ab11813757f9572,0.1065103466343738
0x63ec605bce40aef46f102fa325239a08991a0659,0.10477796415738592
0xe913a5fe3faa5f0fa0d420c87337c7cb99a0c6e5,0.104748719734458
0x32455843b93138d314509d85fe840e04f959fac1,0.09901500679963239
0x6384f5369d601992309c3102ac7670c62d33c239,0.09888525183374026
0x0aaabafa773072d5012d36406ca07779fffc8a10,0.09443406246289893
0x50f27cdb650879a41fb07038bf2b818845c20e17,0.09210706447791771
0x0e7b578474f9d3153af8c665c3b626ba355664cf,0.09005517363147678
0x3d5daf962a627c17a90cac5c0eb6fdff90ee735f,0.08656472686644916
0xbb2a5e16539cb088aa4be132d43238cd3c010021,0.0857520377631947
0x8e7cdf69f384228eee2d82638eb65d734e0603c4,0.08322135949482436
0x2ebdcca663bec249867413cc9ff0969185411667,0.07818462754841693
0x1035fee7621a4a902d75094abd2e378e64b4b6ce,0.06988406217211307
0x840cb9507f26aa8e9cc80d533117292bf40e6f81,0.06022267053346318
0x44043c1e33c76b34c67d09a2fb964c0eefbae6b7,0.057353040238761734
0x558776e3a8a6d0c67a5a8f5ccb3adbab1160fecf,0.05649748441137961
0x43829a9762a119e432d67d6e9fc15cd37ee8f8ba,0.051054931194558534
0xc5fb88310d5c9bc596da8ebf1bdb87527d38341a,0.050576226911000666
0x65773aaa74ca3cdbcfcd3063aa9c7cef4d1eda39,0.048866155847866764
0xb87b03fba8d60a6eb00f1c203cb91a611e3abbfb,0.04730219720019737
0xe7dad7c46bb8d37db2e966b4400c72c6e1e3e697,0.044036150995199703
0x478fa4c971a077038b4fc5c172c3af5552224ccc,0.0418079511093451
0x132e5ee1035aba359850b854abc0608a6cd7176a,0.03970911358929334
0xb63a5c5710f06e111fa14ac82da2183c5102b504,0.03895648514402044
0x778549eb292ac98a96a05e122967f22efa003707,0.03361684669957158
0x5c438214f08ce1b233f06f3a163b7c15964db2ef,0.03320257643122711
0xe33922526d91830a78faad3b6ac786a9acf2cc85,0.03194424516437268
0xdcf28bc785ae4ba5ebfe4e1fab9d505677aadbe1,0.031370445057156006
0xd48c3bc569358672b2319a5b3feab5343c1e9868,0.02877841795243265
0x5136cdfc4d2b1a74774f5137095f82f88af5ec99,0.026926492784984865
0x618489f193cce61c0c74c06e0e6c2a76e42de314,0.026370426380167112
0x51b4a326b905789c171539a02eba0d1d875ede1d,0.025851826198716198
0x887dcfa02ef40cec9f4e899d5c439d072a18a80e,0.01926018379397827
0xb6c25e192b9fdcb015ba6582397af5910d82dd7f,0.019028719024974456
0x51b3a21c89292e3b1e4be7659be7c435035a972f,0.017264913091767406
0xf594566e8720bce8f32c55bf173b40cad874699c,0.0166838371199854
0xd4d00a14d2d3181dbebeaf062933d150e9bafb27,0.01414270151529705
0x0e277a62b93758eb5dbd70cc9588c10813aa3799,0.012642679569490002
0x1de1a360ccf21526746e945773b5663b238df78e,0.012147802766312426
0x19fbad9480aaf449aea5343b5bbca864a3124d4f,0.011652592965731293
0x3021338c74f10cef1ece6404ac1498c2559f7a5c,0.011438002870895773
0x0018412692cc84f223196dfc756ab184b44758d9,0.009727083405222317
0x1d96bc350f59903512ef66dc0b23078c07248bd8,0.008345317110520717
0x8b4858d8de2fce19fba2e55912d742ce0b70bafc,0.0064302605892064095
0x134b9eab4aa4c1489687c18c10d7338656fde32d,0.0059827382399238235
0xfe17b7f847cc62bb7b7e33143e2328f842e3fadd,0.004580028339703808
0x9cbb4195bebb36eaa9e4af6272a741a97d7f109a,0.004068372802859296
0x2fde7653f559c93ffa1e933e50b0c2ec58a50061,0.004050820484895789
0x55e4750743f1e394dff3e46eb03136fc27f29611,0.00252816121565446
0x7d4326b581615643d70a68f2d2ba0cfdf381c81f,0.0017848181882771153
0x95d19d9bca7274d4c1fbe0ecb35608ac2662906f,0.0013757289284933728
0xbb030a0408edc41f3c61ba3f132c06e93eda68f4,0.0012761936200513416
0x61adbe421319337762347f24f54c02509b3c4300,0.0009163754678951869
0xc199b3d7813c3ece9ab1ab8dc387743a7f6de4f4,0.00021245836300288334
0xc8a1ca3afd6e060439ade562cb1433e3eac466fb,0.00018788123538721448
0xc5a06b8fdcff4d4d2025f027b67d48ef2b0925e0,0.00002644105048117438
0x8540f80fab2afcae8d8fd6b1557b1cf943a0999b,9.584169258767332e-7
0x48a8739fbc0bf5ecee120c45803043926994b0b0,2.1685684488818425e-7
