Address,aave-mint,uni-v2-rai-eth,aave,rai-dai-uni-v3,Total
0x537037c5ae805b9d4cecab5ee07f12a8e59a15b2,0.0,0.0,0.0,1103.6132112238906,1103.613211224
0x3cbc3bed185b837d79ba18d36a3859ecbcfc3dc8,0.0,0.0,9.86490718077126,443.1197896791897,452.984696860
0xd37f7b32a541d9e423f759dff1dd63181651bd04,0.0,0.0,0.0,423.6386698520229,423.638669852
0xd2d58f785ea44dec2d3443cae65fb2ad66a2f67f,0.0,0.0,2.79008602340186,401.1597532780661,403.949839301
0x20eadfcaf91bd98674ff8fc341d148e1731576a4,0.0,376.6154004036189,0.0,0.0,376.615400404
0x42dbf634c256acd17beddc1330488f1bea7b8bdf,0.0,0.0,0.0,357.468810915887,357.468810916
0xd35d8f5df82f61f2cb84b5871350d2a97b275391,0.0,0.0,0.0,267.1690233627153,267.169023363
0x83a271889031be9d3f13f222ff631eb2ceafffbf,181.7636890590584,0.0,0.0,0.0,181.763689059
0xfa8f11e4ad7bc8c7f210bc646d9a23bad4603f49,36.51188101480546,0.0,0.0,60.85941565941196,97.371296674
0xce824663bccb32e2dad1a8f2a26b698290417b34,0.0,9.280202421169452,0.0,64.89259646432215,74.172798885
0xc218d847a18e521ae08f49f7c43882b6d1963c60,0.0,0.0,0.0,52.837920389250485,52.837920389
0x857ab110153ad57240ab920e93bfb549c045af55,0.0,0.0,49.84680538358394,0.0,49.846805384
0x09528b6c6fc792eff0c70563c9b4c4c6e38da61d,0.0,0.0,0.0,47.5183051816447,47.518305182
0x516e5b72c3fd2d2e59835c82005ba6a2bc5788a4,0.0,0.0,40.16110174851291,0.0,40.161101749
0xbf370b6e9d97d928497c2f2d72fd74f4d9ca5825,0.0,31.172832316003568,0.0,0.0,31.172832316
0x3a7bc1e308c816fbf27a368bbc44335da1d059c2,0.0,0.0,27.616332565950668,0.0,27.616332566
0x0e7af95de26bf10e6b9f00d846c22757aa582b9c,0.0,0.0,27.32960656625099,0.0,27.329606566
0x9e1e303635910c2d398647313170b11fc41cb0dc,0.0,0.0,27.056971843773542,0.0,27.056971844
0x7fe02ca835b711928505ea6725ccca6dce6db9e7,0.0,22.19162071446887,0.0,0.0,22.191620714
0x616f29b6a5b05b76eb04347cd30ed10abe9d5ec2,20.85117692869907,0.0,0.0,0.0,20.851176929
0xf94841dafa3d449d47b539758ca92263f23834b8,19.559794281082976,0.0,0.0,0.0,19.559794281
0x4f5ef03e870332a1b42453bbf57b8a041e89efe8,3.602928828321448,0.0,0.0,15.787058384611123,19.389987213
0x6ac2c17b94b54643f000d1e33abe4d5bdbe34d1c,0.0,0.0,18.18886425656592,0.0,18.188864257
0x2b290f41af8e0e6db68c0d8325394d8935d1d990,0.0,0.0,0.0,17.559898453277544,17.559898453
0x17535cc8178936c55b7eba7844dd43e958d45db9,0.0,17.162457898250846,0.0,0.0,17.162457898
0x4bfa6a78f8c1d1199915eab8d0b07733040a0f9d,0.0,0.0,15.94925378262591,0.0,15.949253783
0xfcffac7ca0fe69461dd32cb1286bf31d2c818ff1,0.0,0.0,14.080834627689075,0.0,14.080834628
0x2e920380a239d8a6467868e3160a69c845fa0ca2,13.822839236462968,0.0,0.0,0.0,13.822839236
0x1c43d10c9fc37d8781e800a0aadece4f291bb872,0.0,0.0,13.158964225783278,0.0,13.158964226
0xe21e9593620983102d9e7868caaadf514e23e55c,12.873773520545315,0.0,0.0,0.0,12.873773521
0x5d30cadb7610e5ff1446b164423d76af3bb4e5cf,0.0,0.6866651765511814,0.0,9.933358974866689,10.620024151
0x8feeaa5f3bcc9700fb8d44fc1ba018a958f67bfe,0.0,0.9396540378922372,0.0,9.362446096752665,10.302100135
0x6f9bb7e454f5b3eb2310343f0e99269dc2bb8a1d,0.0,9.48461204281279,0.0,0.0,9.484612043
0x3caba50e426de2003f937ac961bd6834b206fb1c,0.0,8.598799562755232,0.0,0.0,8.598799563
0xa00c99f5f955552742f1089ded88abdc74e67bac,6.779634134138755,1.7129547991405785,0.0,0.0,8.492588933
0x6e185658442ab2a27f86402fc36b379c8ffc76f8,0.0,8.446595122101098,0.0,0.0,8.446595122
0xa812202eca0a478b9aff492ec831adc3a8f388a4,0.0,0.0,8.116969168093854,0.0,8.116969168
0x6a43e60d5520912d20f19eb29a011e82a6ee50ae,0.0,0.0,0.0,7.860998917465128,7.860998917
0x32b067831860731c4ab591f7762f6eed2df51513,0.0,7.234907775581295,0.0,0.0,7.234907776
0xc11508077ff0afe0f65e250df0a1f2787eab1ba3,0.0,7.149601446942606,0.0,0.0,7.149601447
0x52a5711dc4fe437e81205bfad22ffc43f1818df7,0.0,6.593795328999579,0.0,0.0,6.593795329
0xa91a3cc43fc23929fe879b853d4e6ae9568b8251,0.0,0.0,6.0107679403883205,0.0,6.010767940
0x64cff0743868c31d003a51a42b6a894b78a8fda6,0.0,0.0,5.96471490125826,0.0,5.964714901
0x79792c512d1029a640c86f20c9d30ef3643d4d38,0.0,0.0,5.4496672326370845,0.0,5.449667233
0xa20ef8a9a21cb318f0d396ba0134698e472e38dd,0.0,0.0,5.432448037064745,0.0,5.432448037
0x60db7b781ca83e0612a81174512d8213f07e6508,0.0,5.398365405466222,0.0,0.0,5.398365405
0x60daa6b4d1a834d13872f4e8d0dc6f725dba9a01,0.0,0.0,0.0,4.9827341262640905,4.982734126
0x5a0d6d0de7c74899f09d3509a429beb7d3b4b1d0,0.0,0.0,4.453002145179793,0.0,4.453002145
0xcd3cde8040627dbe6874fac9525bb24422e3f4d4,0.0,4.1371407779203935,0.0,0.0,4.137140778
0x7136fbddd4dffa2369a9283b6e90a040318011ca,3.5181535553150622,0.0970956164970475,0.0,0.0,3.615249172
0x30887fc55cbfad3487cb55bfe1779f6d2ba1c118,0.0,0.0,3.6029326409582447,0.0,3.602932641
0xf58623a5d10864e409a3be9609e892bf9252b956,0.0,0.0,3.496273996685705,0.0,3.496273997
0x040a0c8fd6c4c929648f1ca4aed3745ce3f1eaae,0.0,0.0,0.0,3.345188522806445,3.345188523
0x983848be568f9bbeaac4190ec3396c0e943b54de,0.0,3.245222687184841,0.0,0.0,3.245222687
0x1638e6e26f49c3b9ee48c03daf1097968c837851,0.0,2.974746427083203,0.0,0.0,2.974746427
0x9c7cd4977dd1c4e71abd9c0daabe92425f3f7a0c,0.0,0.0,2.8635663168581544,0.0,2.863566317
0xf42a29f2420e4e364e410ee6bb0b3a2e604feb11,0.0,0.0,0.0,2.695856414538671,2.695856415
0x2b1d2d290268cb4c4862d4a658f1c2a663c0f79a,0.0,2.6074917833363997,0.0,0.0,2.607491783
0x93433264cccb31c80a62b0eee78e37ebbb0377e3,0.0,2.5084672336988088,0.0,0.0,2.508467234
0xd7fb6add631c1a8c897fa8b92e2f349789539a60,0.0,0.0,0.0,2.4513349088963587,2.451334909
0x182a15931cf7e4d02c667177aa454ec51b6c7a8a,0.0,2.189912243842788,0.0,0.0,2.189912244
0xdb9123dc5b366d5b6af249ff463d49f66d4d373a,0.0,2.084516292502657,0.0,0.0,2.084516293
0x6cb286fe6915adbd4f5c08b09841839e66335cfb,0.0,1.8715586569146645,0.0,0.0,1.871558657
0xd9c505b9484283604c1b719c7cb710655ca9970f,0.0,1.7627535860455634,0.0,0.0,1.762753586
0x8b8035db08cd7a0173988d2f6d5708ddb5473279,0.0,1.749170113063665,0.0,0.0,1.749170113
0x98a5aa2d55339710e4d795f83593fc225f8e2bdd,0.0,1.7482878815500933,0.0,0.0,1.748287882
0x2816affb6b2e646e2d9f2529c5affed6d13e0c0c,0.0,1.7320170234110728,0.0,0.0,1.732017023
0xdf04232a23877e764a7b115a3fd7202379715f29,0.0,0.0,1.6479788587668902,0.0,1.647978859
0xfaed78f3a8bc9532c3f10c8ded0e0f5251c42d39,0.0,1.6412859395286403,0.0,0.0,1.641285940
0x80d4ea495d4a02d84486c50bb197ba3bd3622859,0.0,0.0,1.541731293633212,0.0,1.541731294
0x6fce63859a859a0f30ed09b12f5010d790618ca4,0.0,0.0,1.5046727303052552,0.0,1.504672730
0x689ca2d9beaca70b89afff84bc0c3bae78979b43,0.0,1.5039791106385376,0.0,0.0,1.503979111
0x30043aabbcebbd887437ec4f0cfe6d4c0eb5cc64,0.0,1.5015594313486338,0.0,0.0,1.501559431
0x6630a2af9f49c14c6bedeac703eb56316bd0e950,0.0,1.391629103929522,0.0,0.0,1.391629104
0x5a1cae6f827791bf6108049bb0ce72c5dae856f2,0.0,1.3803967935896857,0.0,0.0,1.380396794
0xd2d749354338c06b1d163f2e4235a9f6160e5aca,0.0,1.3555286158588975,0.0,0.0,1.355528616
0xbddff9b7f0930d648161eacc10645453502f3c70,0.0,1.3135090033420005,0.0,0.0,1.313509003
0x5bb6f3431585aba50ca5cf670d2dfd68f8f932f3,0.0,1.3026671111141197,0.0,0.0,1.302667111
0x28431a1446c86434ded04f7f8ba6808649329f4d,0.0,1.256900019226972,0.0,0.0,1.256900019
0x037ce225946fc6b419e768abc7e5f03356bb887b,0.0,1.243406239250947,0.0,0.0,1.243406239
0xd1c7e186db14da035e1f0e218123579b3535304e,0.0,1.2209722642589302,0.0,0.0,1.220972264
0x51b3a21c89292e3b1e4be7659be7c435035a972f,0.0,1.2192015571912036,0.0,0.0,1.219201557
0x5fbed17c2f17a3cca5b063c233ca7313eca00630,0.0,1.2044312201663214,0.0,0.0,1.204431220
0x98cd6cf577e18ba8a3ab56ccbda552e7796555cd,0.0,0.0,0.0,1.1208176482932195,1.120817648
0x778549eb292ac98a96a05e122967f22efa003707,0.0,1.107497860449655,0.0,0.0,1.107497860
0x43a167c2efdc7b137bea81d5a366d42a5d398b6c,0.0,1.0533608899092233,0.0,0.0,1.053360890
0xb20868131fbdd060f7f237f8f99c24880ed573ef,0.0,0.0,0.9440015912615928,0.0,0.944001591
0x13772ffc3fc23f5845f8863b68f3e3231f48893e,0.0,0.9418698087082944,0.0,0.0,0.941869809
0xf7b18e107eb36797f4ce36de756630b9c30969ad,0.0,0.0,0.9000761608238145,0.0,0.900076161
0x7a2103b377f02291ac22565ec0b8a85096e1c717,0.0,0.8926995951580063,0.0,0.0,0.892699595
0x39022d3441af8811efa96b4e02eb8d9e1a16abca,0.0,0.8917672158546209,0.0,0.0,0.891767216
0xbb67405f999f31d6ea181d1481859a9f889b4e57,0.0,0.8902979356118274,0.0,0.0,0.890297936
0x37830843a2eb2e636e2e6ac5503f1dbbcc9e8f51,0.0,0.8743311471166393,0.0,0.0,0.874331147
0x3d56de91f46c9a5e33f98a92cddb22118c770720,0.0,0.8697146817912387,0.0,0.0,0.869714682
0xa325853f58affb9810b1e0144f119741b5ca4b5a,0.0,0.8655478619201168,0.0,0.0,0.865547862
0xa1671a34c5066eef436d0eedfa96f78d6c0d9d4f,0.0,0.8588403091567897,0.0,0.0,0.858840309
0x662b7c11e20547026f2c10403958b81dd64e9a38,0.0,0.8570162535958568,0.0,0.0,0.857016254
0x730fac4c4ff284434ef81072341100bb02c2fa49,0.3479688245086034,0.4824642537927917,0.0,0.0,0.830433078
0x127be2424ecedcb9248c167ccc57c9c09b55fdf0,0.0,0.7107571054544832,0.0,0.0,0.710757105
0xb3f23740cd908e6d8aab746d7dd41c8765017dc8,0.0,0.6975779121166731,0.0,0.0,0.697577912
0xff3f8d57c190330338724b3696c3cb5839ce2e9c,0.0,0.6955972374615894,0.0,0.0,0.695597237
0x050cea859b5a93ac7bd4db4572fb7d90b7c63cac,0.0,0.6348493634620864,0.0,0.0,0.634849363
0x839d195bf635e222893c6516329235e904f8b3cf,0.0,0.6149437880089849,0.0,0.0,0.614943788
0x1201be09fe51ceedd730285f7c1ca8d4b5f5a519,0.0,0.5719958879511733,0.0,0.0,0.571995888
0x9d2dcc1b6a86fad7e73e784e0c50a1f1ee6b0d83,0.0,0.5289612960280171,0.0,0.0,0.528961296
0x3409b624bf7af290a9cb795103be5ce02e1cfdf1,0.0,0.5107521743591834,0.0,0.0,0.510752174
0xb7794a8a3d4c2945684346f0a3281209478a01e1,0.0,0.497282264451747,0.0,0.0,0.497282264
0x028b2b9adca1bd1263086b0b221713a684968817,0.0,0.0,0.4587554097138413,0.0,0.458755410
0x2517761dcce63ba3490f4644f26bc3053e90bd3a,0.0,0.4535828923626712,0.0,0.0,0.453582892
0x8d3f5041969b323824e144ade6375cbc5fb7bf57,0.0,0.4447023399811247,0.0,0.0,0.444702340
0xdc308f2d2f00889041e74b9c3d6e6b8ad57d81de,0.0,0.4432729494012833,0.0,0.0,0.443272949
0x299c437702b2ee9ad9dc27f95d294b4559462ef4,0.0,0.4375505245972477,0.0,0.0,0.437550525
0x2cf11d477f776d7fc96454ef399bed1f2d878b56,0.0,0.4324160766360509,0.0,0.0,0.432416077
0x2819c8a2eed2d61499a41ef6f8138e787f3f5500,0.0,0.4298349802788208,0.0,0.0,0.429834980
0x1ae3d567efa78eb59a24e05ec3391c701d5a17eb,0.0,0.4144145402743358,0.0,0.0,0.414414540
0x92fcd9564f273c5d8fac8870e0ea29e0550265c7,0.0,0.3959583038084919,0.0,0.0,0.395958304
0x9e2178376af13dbb3d939fa62a8d33bf74912e3d,0.0,0.3947565464213578,0.0,0.0,0.394756546
0x5af0c6ca4564bd94c7a49564f7c2d67d66ca891d,0.0,0.3845793730669782,0.0,0.0,0.384579373
0x1a11a225a53f59ccbcc6f88a6b83b06c23c42214,0.0,0.3789459265792831,0.0,0.0,0.378945927
0xfc963ef0e1f59d82ae13d98a11a844963564eacd,0.0,0.3762851809300587,0.0,0.0,0.376285181
0x3e893426e65cf198d4df266b77cfa46559c815ee,0.0,0.3453414412313389,0.0,0.0,0.345341441
0x1695a8ba3f3313f9a9ed075df09c9fcc60840ba1,0.0,0.0,0.3335737438016287,0.0,0.333573744
0x48c0e22cade321ee3ba22f9606af3e4ca7090601,0.0,0.3327533641473173,0.0,0.0,0.332753364
0x4a0d5319665a5eb094f841af9ce0a34bd3879412,0.0,0.0,0.3250159385410167,0.0,0.325015939
0x50ef6d20dfe998ee403bf4127ec07d9f832fe10f,0.0,0.3004432623577155,0.0,0.0,0.300443262
0x0d64add7aa3a19392a8afa3a07daaf0f7098776d,0.0,0.0,0.2951579554699904,0.0,0.295157955
0x3038428b55e18346b43c36acc98ee6ba61b4a6c8,0.0,0.0,0.28920605941789,0.0,0.289206059
0xf08b78ba2bdd1d1ee27642f15844139c4bd3b697,0.0,0.2863785316691925,0.0,0.0,0.286378532
0x7fb289978970f10853c850ca547e599a27eafcf1,0.0,0.2751371589813076,0.0,0.0,0.275137159
0xa7f569e019328c4c2774acefcb8b4862146cedca,0.0,0.2664036974600899,0.0,0.0,0.266403697
0x78b676664dd3b29f247070f7317321861703d461,0.0,0.2628752339020531,0.0,0.0,0.262875234
0xb1c10941bcc0627e9434416304d6da8b3f7255f0,0.0,0.2483049719582033,0.0,0.0,0.248304972
0x7b352628fe891148c33dc501010608f43fa259a3,0.0,0.2444152979341274,0.0,0.0,0.244415298
0xa9346de97ea8f5b2ce89aba9834424d2f799b493,0.0,0.2440103249436241,0.0,0.0,0.244010325
0x5de4ca716bc806c79286ee0bab92a585da214043,0.0,0.0,0.2434970488698745,0.0,0.243497049
0xdbe17ce4f29598d399f4a0e948861506eee90cd2,0.0,0.2320587523344725,0.0,0.0,0.232058752
0xd7540cd8f96903d23a2708931dddfc650d253c47,0.0,0.2312182110394517,0.0,0.0,0.231218211
0xcc9250f57ef36a46efa923e1d6f1c3c2d40bc78f,0.0,0.2279383959070462,0.0,0.0,0.227938396
0x3b326b5527b705ce9dddb276d6342506d043a607,0.0,0.2242226482048238,0.0,0.0,0.224222648
0x10d055564c14350e77dfe6ab5fdc6d9e6362eca4,0.0,0.2222987058743238,0.0,0.0,0.222298706
0xe4b420f15d6d878dcd0df7120ac0fc1509ee9cab,0.0,0.2209789744989101,0.0,0.0,0.220978974
0x53a58592fe992efbe84c714c3ec287b85f467ecd,0.0,0.2205423764797814,0.0,0.0,0.220542376
0xe311f0bc293683a911f502705281b22a46701872,0.0,0.2192818968378473,0.0,0.0,0.219281897
0xb66bed654980648bf375be7d03638d0c9369e548,0.0,0.2159545582819374,0.0,0.0,0.215954558
0x5edb3a936ac2560d5cfcdffd162919c6d9bec70a,0.0,0.2147405813267376,0.0,0.0,0.214740581
0x566a831942c2b025cb89ff6d0bac6fdd1666c35a,0.0,0.2101822223836881,0.0,0.0,0.210182222
0x7f0552c8a225b9f62c4500f3e878386425da1324,0.0,0.2036833403607411,0.0,0.0,0.203683340
0xa3e2330e4fa9bb23d7eaaa3628b2c1906eead200,0.1941762048076273,0.0,0.0,0.0,0.194176205
0xbfa17175696d1c9271b05826919691f38607ffd7,0.0,0.1878780794246761,0.0,0.0,0.187878079
0x8cf0f4f9e131c0fd8996c723fd2920da7debf5b2,0.0,0.1813264871286328,0.0,0.0,0.181326487
0xcbe19f73fedd492a10339c431db4eda6ec6eea32,0.0,0.1788839169702254,0.0,0.0,0.178883917
0x3997b25296c0d3d2706b4e59b298e943a0bb42f1,0.0,0.177782404334142,0.0,0.0,0.177782404
0x57971ad4b95f8a7c6f7e62e56fce0fc2b76460c1,0.0,0.1775537761967408,0.0,0.0,0.177553776
0x63980d84831b4dd30d0e3626f38798755e72a5f2,0.0,0.1775202826528673,0.0,0.0,0.177520283
0x29dccd941d6ea3c265df67102f0154be02ccab06,0.0,0.1774591806996853,0.0,0.0,0.177459181
0xac12b8ed1a3fc4da193fb08f218e6cb95575571a,0.0,0.1764090267790072,0.0,0.0,0.176409027
0x0b8cef085e20061b6b2a081b5e1c045e09fafd88,0.0,0.1756871963240086,0.0,0.0,0.175687196
0x863355ae0975800d21186a274547c4b48a48cfd1,0.0,0.1756839854774287,0.0,0.0,0.175683985
0x34c5f5f6719c545fdaa21a8084acf7a4c87fd08e,0.0,0.1754674481008147,0.0,0.0,0.175467448
0x40fe08e87de3262f5c30ed87325def5f9ce6f64f,0.0,0.1746101792578482,0.0,0.0,0.174610179
0xbd3f90047b14e4f392d6877276d52d0ac59f4cf8,0.1739844122543017,0.0,0.0,0.0,0.173984412
0x8e8f651efd439439eba920766e298959de505b2c,0.0,0.1734562350063423,0.0,0.0,0.173456235
0x8fcb238c1cffbe85ba4d4d6ca7572f545e1f4032,0.0,0.1722968046497499,0.0,0.0,0.172296805
0x2953d4a9c12906e5ab3cad627f8b52e3b7ffc963,0.0,0.1721062485648191,0.0,0.0,0.172106249
0x150a3b0f356d856cd1168e311fe3e58213b9d26e,0.0,0.1719312754619041,0.0,0.0,0.171931275
0x0d87eb3f8c744a1c74c17b54ddfbb4e23407d3da,0.0,0.167326157686391,0.0,0.0,0.167326158
0x1b8d65dcad712e1d0470fa8fd1f00956c2bc43c1,0.0,0.1672383899252432,0.0,0.0,0.167238390
0x8c2ff1abb421c61175ad31dd31b43cdaa218a756,0.0,0.1665732353886804,0.0,0.0,0.166573235
0x357d9266f524f6be5e3d9de9c4d344aa1ea194b8,0.0,0.1655488452019264,0.0,0.0,0.165548845
0xe223cf83bfbcd7eb8a496c4a3d9808b9ba26c235,0.0,0.1654745413067071,0.0,0.0,0.165474541
0x72f5fa348168bb0b796a3b09e861f0301be88d99,0.0,0.1634994896508577,0.0,0.0,0.163499490
0x33a8e6ed62c6b5f9127c04cd237b26ac508fd556,0.0,0.1584003397784711,0.0,0.0,0.158400340
0xbd389246cc4cb531f2877a4c39282c4d541e71b0,0.0,0.1569994277890184,0.0,0.0,0.156999428
0x2ebdcca663bec249867413cc9ff0969185411667,0.0,0.1569679199474982,0.0,0.0,0.156967920
0xbacd5b0725388a08b7df2b8a2cdae35f9d88481d,0.0,0.1564087697341368,0.0,0.0,0.156408770
0x7e76e867018fc1604c611c2733914311a8412ef4,0.0,0.1560665741271259,0.0,0.0,0.156066574
0xf91a1142d9e4910fb5e6ea3b965440a1dcef12fe,0.0,0.1542123293653588,0.0,0.0,0.154212329
0x9a3644f299b425834071c5e96ac3cdf7d7cf3ac8,0.0,0.1539458345841555,0.0,0.0,0.153945835
0x0a9310779b5efe189aea49a17c58ea4d65b82cec,0.0,0.1504907830492389,0.0,0.0,0.150490783
0x69c7a05d343c8ab35a2fee1247d09b8d2f23c0c4,0.0,0.1427072804783361,0.0,0.0,0.142707280
0x9ad2fdc0c515c2fe5358acd8b641f799e64e0c5c,0.0,0.1330689822567645,0.0,0.0,0.133068982
0x493daa253ea125fa2ce561f96cc92884115148f3,0.0,0.1327735182304146,0.0,0.0,0.132773518
0x2a6ba53662f745ef4a91248914a17933261a69f0,0.0,0.1324676080534085,0.0,0.0,0.132467608
0xa7f6695ddca8f0ef07f1aee03d07aef3a3952d3d,0.0,0.1285955192664625,0.0,0.0,0.128595519
0x1fbcfea53473f16b09a1eb2cfdf81537867cf202,0.0,0.1280123666745934,0.0,0.0,0.128012367
0x545c4ae2735c005489da4f8d03d9040c3360ede5,0.0,0.1272652850509251,0.0,0.0,0.127265285
0x9f3de76e54eea4efa0946f5501aa814a4fe009b7,0.0,0.1237868710575579,0.0,0.0,0.123786871
0x54c375c481f95ba43e2cecd6ef30631f55518f57,0.0,0.1210855358649502,0.0,0.0,0.121085536
0xb176c3009649b3efc0cbbfa131a2811ac0f19566,0.0,0.1169009251770553,0.0,0.0,0.116900925
0xd4a3fd0fed8ed7ca0caae7ee2a5fcacb8e4c42b8,0.0,0.1160085486581089,0.0,0.0,0.116008549
0x7e5905514392f45200c5c40782652f54e611a017,0.0,0.1100398165225719,0.0,0.0,0.110039817
0x446c6e0488311188bbd5feebeeada1a06ee082a2,0.0,0.0946589570807436,0.0,0.0,0.094658957
0xd7768689a895202d7c53bdf4ea8be07d943debd3,0.0,0.093320717471167,0.0,0.0,0.093320717
0xcca891f0ce297d5793ea9aef27d90bfa3ae84a98,0.0,0.0913220663235423,0.0,0.0,0.091322066
0x6fae4241a4312fcb953f4ec11c3254849b6bc324,0.0,0.0906055110551448,0.0,0.0,0.090605511
0x8073a475346e14e5e9839d1fe2d27323bc4c9176,0.0,0.0899391869690029,0.0,0.0,0.089939187
0xa7f78d63ac7f5dec4f35dee7246366173c09fde9,0.0,0.0896053038484548,0.0,0.0,0.089605304
0x9e10d3d0fba59b30caefd0f026f764f96f80322e,0.0,0.0892826895575378,0.0,0.0,0.089282690
0xab8e914bd2e292bc72f6e66d8312067713aa06be,0.0,0.0886904457765513,0.0,0.0,0.088690446
0xb1d1efac85935345235a5ef25dca5eae83f8359f,0.0,0.0876507695546529,0.0,0.0,0.087650770
0xc530f34376b399b12094dc465eaca370ec7702fa,0.0,0.0871160362177642,0.0,0.0,0.087116036
0x207e719dc880e777806fe54e84090dd55a4704c2,0.0,0.0871057287670458,0.0,0.0,0.087105729
0x88c6a12f8ebec8d930291778e171d858daef999a,0.0,0.0866062548927791,0.0,0.0,0.086606255
0x9a3bef5598b4298188f9e286ec1a87ea6773fe18,0.0,0.0852465762467811,0.0,0.0,0.085246576
0xd80b99076ba9188d8f50c30424730287c09fa50c,0.0,0.0834646199209188,0.0,0.0,0.083464620
0x6e79372b540b365a54b8ab0ab9417dffe75d7976,0.0,0.0830623376210519,0.0,0.0,0.083062338
0x145a96b9669685c263f196caaba3ddd5339cbdf0,0.0,0.0828566794687601,0.0,0.0,0.082856679
0x655ab4b2c31eaffdde8ab6baf3f247e4245dac11,0.0,0.0827432453191917,0.0,0.0,0.082743245
0x92e28f52d4476f5506fb27cd6699cfb6687eb8e9,0.0,0.0804833632208132,0.0,0.0,0.080483363
0x6a59b37bde2d80878a019e824026e462192b7b66,0.0,0.0783818973907878,0.0,0.0,0.078381897
0xca49ab85d11469d1cdfb75870fd7383822ee968a,0.0,0.0779358472585202,0.0,0.0,0.077935847
0x57669f1fcc2633c66da3088ca82c901a9e7ba1ff,0.0,0.0777968696914475,0.0,0.0,0.077796870
0x6655d0fd10b9a7ea4974dc659d4700eebbd07af5,0.0,0.0773565634773529,0.0,0.0,0.077356563
0x495833d72cb1c78c5f53e0fbafdbe18e012b2482,0.0,0.0773088702801425,0.0,0.0,0.077308870
0x3b0c03e544289a63ac00f3c7aa92493b6f33ee0f,0.0,0.0772898271573993,0.0,0.0,0.077289827
0x2bd581ed4f840a5493552551bc7db6d074c0a594,0.0,0.0768183983505934,0.0,0.0,0.076818398
0xda36cc4136a24035d2fa1e35873cfb6b4ebf4321,0.0,0.0767084019005824,0.0,0.0,0.076708402
0xae014f018e6769e14a230abcbf44a095bc58a621,0.0,0.0749973653974959,0.0,0.0,0.074997365
0x12288c52d4177d355ef9117fbe1e7b4197c181fd,0.0,0.0746008199330498,0.0,0.0,0.074600820
0x586891dd8b40c869b923192be01f971b50d6f791,0.0,0.0732554315896765,0.0,0.0,0.073255432
0x5ced44c2e487547f7cff38f11f3063a39ac1689d,0.0,0.0732554315896765,0.0,0.0,0.073255432
0xd1f0ebb5a50c98f47a1c738b20092a22463c67c2,0.0,0.0732554315896765,0.0,0.0,0.073255432
0x1a8a14475dc45c442b2a35c12440b8acc9e6984a,0.0,0.0719966827322825,0.0,0.0,0.071996683
0x357e6a98da9c3bde7e17f5bcbbbd3e2107d117ba,0.0,0.069372523428956,0.0,0.0,0.069372523
0x0dd19e1fda92fd00741ec9d8d65e0c95039427fc,0.0,0.069351815081257,0.0,0.0,0.069351815
0xfe0661e552401bcefcf93e42e33a03742023f093,0.0,0.069351815081257,0.0,0.0,0.069351815
0xbb32f8c0eed5d3306232ac918256cf013008496f,0.0,0.069351815081257,0.0,0.0,0.069351815
0xdb3b8d660533cba0ab269dee59c55e9cc6838b9a,0.0,0.069351815081257,0.0,0.0,0.069351815
0xde869962d5e639cff122cd09ba07d5bf6326c6c2,0.0,0.0693507353862058,0.0,0.0,0.069350735
0x9a9e0f9a29cdeabfb4517dd0fcae0d2ccbd10ae3,0.0,0.0693507353862058,0.0,0.0,0.069350735
0x36fc1911f9c5d29f300ae5266a9c98dc46414e9e,0.0,0.0693507353862058,0.0,0.0,0.069350735
0x54c2cf5991676f842ce95c785f3dea2b5a9f9e04,0.0,0.0693496278203837,0.0,0.0,0.069349628
0x5c438214f08ce1b233f06f3a163b7c15964db2ef,0.0,0.0666593871804289,0.0,0.0,0.066659387
0x3ffffd8de09688a81dc3cb353a06a80e01a8c7f8,0.0,0.0661812570824146,0.0,0.0,0.066181257
0xbdc0651ab5292f56ac30e10f1a15d50dffd19f37,0.0,0.0658947689307287,0.0,0.0,0.065894769
0x4684199eddcb1ac967015cadb2221fa00aefc657,0.0,0.0656881815582293,0.0,0.0,0.065688182
0xbe54b7a33a844040918dd0ebccdce646a53826f0,0.0,0.0655718878518788,0.0,0.0,0.065571888
0x79149508b92b7c61779d6f62c7087a644b43d2c3,0.0,0.0623216076249976,0.0,0.0,0.062321608
0x79fa7fcf92ab884b5730175fd24779c9bbce1084,0.0,0.0622453627918567,0.0,0.0,0.062245363
0x6f2bfd62c6bca0e946d9b83eee77ce3d685cc347,0.0,0.0618727239917531,0.0,0.0,0.061872724
0xb65e90090e2d22ed83dfa43925c4b95100c16ed4,0.0,0.0616923637847329,0.0,0.0,0.061692364
0x128d4836c3d486e97911d601aef1419055cc4f4e,0.0,0.0615671892018129,0.0,0.0,0.061567189
0xb30d6cb5208429348aa3e394cd1bbbea1f1b460c,0.0,0.0612170385872353,0.0,0.0,0.061217039
0xe06df8ad4c63cc27454af2ce3a722621f680ce77,0.0,0.0588031327985015,0.0,0.0,0.058803133
0x0812f2916bf3d4ff118bed56a04a19ed9ee8e94c,0.0,0.0571747018278453,0.0,0.0,0.057174702
0xbc9e66b7ec50b9312035cdfd715da50b1973a630,0.0,0.0557686346281612,0.0,0.0,0.055768635
0x2a396aaceaca357071de41ba9821f74edef42664,0.0,0.0538191977863725,0.0,0.0,0.053819198
0xaa60de909c9d8bf6f0666c98c6c41579bd97794a,0.0,0.053043290884866,0.0,0.0,0.053043291
0xa5e8dae9b4589afbcde451fc639e32bf748accf9,0.0,0.0525536339657396,0.0,0.0,0.052553634
0x995a57eb1f284af2550243b06f29297db5fd13e8,0.0,0.0514443368038491,0.0,0.0,0.051444337
0x400ae60b01247b6d3acda2b08af5ee73dcc3614f,0.0,0.0513609672826261,0.0,0.0,0.051360967
0x4c7a4d7a25c00aac98b3479994134a8ca622798c,0.0,0.0511534014249969,0.0,0.0,0.051153401
0x5a8491f7c6f6f1b7000ef62707bd66ae1271c331,0.0,0.0487805036280126,0.0,0.0,0.048780504
0x20730820ab819e69e8e632574382f6d4d9fee50f,0.0,0.0,0.0478942028865877,0.0,0.047894203
0xa0914c206be51449374b6206fa4b06c74548d2fe,0.0,0.047663116423871,0.0,0.0,0.047663116
0x34a5b3a49c5b0465bcbfb2228efad6c7e759767f,0.0,0.0472560618230866,0.0,0.0,0.047256062
0x4d4ac7416da599e7fc282e59d3540831f1811812,0.0,0.0472553858854845,0.0,0.0,0.047255386
0x5d31004d9584829211c2350218ff417d81118a2e,0.0,0.0472312060967152,0.0,0.0,0.047231206
0xefee2d43b11de6423d71a41a8a5ab679184a34a1,0.0,0.0472026868569265,0.0,0.0,0.047202687
0x2f32d6c5b4d8cdd81a8ca02a7646e3d5929692cc,0.0,0.0462219249798676,0.0,0.0,0.046221925
0x1b46aabc335075c497236f1ba2f695bb8d64e1dd,0.0,0.0456536773490843,0.0,0.0,0.045653677
0x0c9eed14d5f41bdae840cc188bae5540bc725ddf,0.0,0.0448967375346582,0.0,0.0,0.044896738
0xb47eb37709f8b0540f3610e8824d221ace569fb3,0.0,0.0446773403709008,0.0,0.0,0.044677340
0x0ea1e9ac50ec4d8db153580c2aec1c5ee13c0961,0.0,0.044622572463156,0.0,0.0,0.044622572
0x2a38cdc3b56028ff88a52f263db26ca6867a52a7,0.0,0.0445528998762089,0.0,0.0,0.044552900
0x8750e039b1c38eedb3b904b1b60463b3f4d1f952,0.0,0.0443940107893818,0.0,0.0,0.044394011
0xfdc03c88f4cb228b10cf3a53ba05da9dea6858c7,0.0,0.0441964324622183,0.0,0.0,0.044196432
0x43c72694380933a883497d7800f7c2c191fcdb7f,0.0,0.0440675447192077,0.0,0.0,0.044067545
0x753a54ccd788ac30198e2f7663d0fc645ef27241,0.0,0.0438512128180473,0.0,0.0,0.043851213
0x42f53818482ae5c20ce1dbedf88e3fc61c919ca9,0.0,0.0435851996498268,0.0,0.0,0.043585200
0x9005f45d8cb4a046aed9f25bcf59be9db90f935b,0.0,0.0430555782321037,0.0,0.0,0.043055578
0x91d886ac7b54ebfbdde77fc1ee044503659a2090,0.0,0.0430382088254123,0.0,0.0,0.043038209
0x44b90068f77f16e321b22a8cd68243106e6c2ce0,0.0,0.042832420634349,0.0,0.0,0.042832421
0xba65d80bd73c41891b81bfc4d80ae6dcae5b8154,0.0,0.0418492042366606,0.0,0.0,0.041849204
0x7e4c9a161c3c0c8d46f1fd336e838eb78cd56a88,0.0,0.0417870361539959,0.0,0.0,0.041787036
0xa91582cd5b77e36c1f891963062949de1971a703,0.0,0.0,0.0,0.0408750703577033,0.040875070
0x47cde97127cdd7cc79d4f9256cdc004524177bd7,0.0,0.0407137930944611,0.0,0.0,0.040713793
0x80be68b716a5868e8efb23140323cafc42f3458c,0.0,0.0395101443980978,0.0,0.0,0.039510144
0x8998ac6f6d538207015f11e0acfe7300fba350e1,0.0,0.0392461079191839,0.0,0.0,0.039246108
0xdcfcc77a2e690141432561a9746c125bf6704380,0.0,0.0391896024219622,0.0,0.0,0.039189602
0x0ce73d9ca584adeb34703ad7a8b501b2e54585a4,0.0,0.038691989779544,0.0,0.0,0.038691990
0xb6f1d510a8e18a9ba14cec92791c026f8f3b9072,0.0,0.0380447311242369,0.0,0.0,0.038044731
0x7874175d57e1dddbe13fbdaec4fe99d6f63e758f,0.0,0.0358363050795981,0.0,0.0,0.035836305
0x3ac6256346254f9f47b5161623a4a142b6d37010,0.0,0.0357848030831728,0.0,0.0,0.035784803
0x773b9aee798bb310b533d19749dd542294b1ea11,0.0,0.0353741986919202,0.0,0.0,0.035374199
0x890ff4714b97bc0a24872bf71942b8c3ad64bdcd,0.0,0.0353636123146342,0.0,0.0,0.035363612
0xa37dd7c67c5c985aa56f7cf362b29d83c3f36816,0.0,0.0348091416232381,0.0,0.0,0.034809142
0x8b14239f64fb40df39781486fc85a7089bfca491,0.0,0.0345185152811757,0.0,0.0,0.034518515
0x08b0dc60b562549bb86901321633cdecb14f4e29,0.0,0.0344821695778334,0.0,0.0,0.034482170
0x58b2357c9cec68a9b67a2c5c9f4a80b9363ad582,0.0,0.0342335705167338,0.0,0.0,0.034233571
0xc8cc813268522d746492e7feff4a983eb4a4ee0c,0.0,0.0341581946014921,0.0,0.0,0.034158195
0xd4a237d1ab27aceaf8bace1005435193f538b116,0.0,0.0328647294339861,0.0,0.0,0.032864729
0xb589fbe1a4ecfcb9c1d7900b42d14ff9fa6ea870,0.0,0.0313954208060783,0.0,0.0,0.031395421
0x4f0c471b37069c55783707a8de571711a9c6405e,0.0,0.0311256190980356,0.0,0.0,0.031125619
0xb3fc012e67a6dcbdb85c09e5dfd2bdaf362b81a5,0.0,0.0308438455125314,0.0,0.0,0.030843846
0x56d138a329faa31cdf5e3e7766da4d6c1e55e732,0.0,0.030583740092621,0.0,0.0,0.030583740
0xc593a1668d9bc0f319a15a43ef21c1befe3d7d57,0.0,0.0301416819520729,0.0,0.0,0.030141682
0x563500208ac0f18239ad45ddc7ae51ca1f50f7e1,0.0,0.0285391130565397,0.0,0.0,0.028539113
0x6700dc028971a9d96d0c4281099f29d74bbc1fb5,0.0,0.0277212146716499,0.0,0.0,0.027721215
0x022114bd59fd70855e27b38e98db4242fa4f3f97,0.0,0.0277211621601122,0.0,0.0,0.027721162
0x434327fcd2210a5996b1d95dfbd62cd61ce2fbb9,0.0,0.0277211621601122,0.0,0.0,0.027721162
0xd34f4d6158cb9fd4b4bef73fcc3a9f900b5305fc,0.0,0.0277211621601122,0.0,0.0,0.027721162
0xd529593dc8414a84ebbf1a74efcb0d0c3d583437,0.0,0.0277211621601122,0.0,0.0,0.027721162
0x55346cafd39e39cf4f9d3ad2afdc42c681069548,0.0,0.0277091568371261,0.0,0.0,0.027709157
0x0ff46871fda788f55a8c43211a28a189c4b4d0e1,0.0,0.0277088619834094,0.0,0.0,0.027708862
0x84076bb77d6931e827453ded5ebe52f935f76d8d,0.0,0.0277088619834094,0.0,0.0,0.027708862
0xcd119c5c04fc42613a1a1bced4fd8368b5fa30d2,0.0,0.0277088619834094,0.0,0.0,0.027708862
0x7bcd1bddff93dc0b22bc247654aeea0ddce4f05a,0.0,0.0277082330793349,0.0,0.0,0.027708233
0x793f092c89bc1b0b674173ec1e547a6494461bee,0.0,0.0276605278835659,0.0,0.0,0.027660528
0xc184aef9c8423ab2ffa68f5262423b58b29fdab5,0.0,0.0276605278835659,0.0,0.0,0.027660528
0x273b70caffa29dd74501ced534910a3108b8e4da,0.0,0.0276605278835659,0.0,0.0,0.027660528
0x95136bf60319d9cc700e26e09037a6a694e25148,0.0,0.0276604095621799,0.0,0.0,0.027660410
0xd45e83168872ae94c452e8ef09a6308c8c98edff,0.0,0.0276604095621799,0.0,0.0,0.027660410
0x2db228e4fa69dea99301770bf472dec4fb9753fb,0.0,0.0264167281069047,0.0,0.0,0.026416728
0x26177d7943f455311fa84546c2529fb82a177ccf,0.0,0.0263141166825301,0.0,0.0,0.026314117
0xc62785b58724d744b843e479d76d47897e61ca7e,0.0,0.0258266073327728,0.0,0.0,0.025826607
0x51eba413de14da735cbaa25c33346888bda87101,0.0,0.0246064170586908,0.0,0.0,0.024606417
0xe4a77604802ee95603ec22ca0e4ebf981f6134a3,0.0,0.0245017171599709,0.0,0.0,0.024501717
0xa27ff099de5a80cf72a0f899ed586107d74f46ac,0.0,0.0243115116520089,0.0,0.0,0.024311512
0xe2e2466f657cf011eaaa4a8a2eeb2c9fe68797f6,0.0,0.0242751402651533,0.0,0.0,0.024275140
0x617ca9738642e411d4d35848550f26b07bba21cd,0.0,0.0240731808341175,0.0,0.0,0.024073181
0x123d21efe44a4938bcfd6392956146436cf268ea,0.0,0.0240334395038436,0.0,0.0,0.024033440
0x36481d193dc5485cdfb19839613f564568e0e1f5,0.0,0.0238392250078455,0.0,0.0,0.023839225
0xe6567d460dcaba7b7b8aa3a5987135221fb1cca7,0.0,0.0234273298772459,0.0,0.0,0.023427330
0xcc639718e285880dec3dc4477621c145a51219a0,0.0,0.0234264764983741,0.0,0.0,0.023426476
0xf9b232ab04cda41b771ed0815256c11ffddb60bd,0.0,0.0233326222397667,0.0,0.0,0.023332622
0x525be9a6edc565fb514125845dcdc37ba2e8dc48,0.0,0.02212103410385,0.0,0.0,0.022121034
0x53033c9697339942256845dd4d428085ec7261b8,0.0,0.0220528494203261,0.0,0.0,0.022052849
0xb79017034ee38c4bfbeb1bc619f714cea55a07d4,0.0,0.0219015807140809,0.0,0.0,0.021901581
0x580e2a735d2e4b58481fd08183b43e73b76423dd,0.0,0.0198103838193116,0.0,0.0,0.019810384
0x5b5f9e86048822184949f112287c2f78a68585c6,0.0,0.0197651369795281,0.0,0.0,0.019765137
0xd9d208471b5d2ce51570788db2d5ad09f96e1771,0.0,0.0190096286132352,0.0,0.0,0.019009629
0xdf018ac6efc4e9e39515c0fa67e5ba66d5e366d0,0.0,0.0180180269698951,0.0,0.0,0.018018027
0x5f91908343fc5740dc259b9d612f01ac43050a9b,0.0,0.0178128654766134,0.0,0.0,0.017812865
0xf8152684ba9cb9005048baeaded38f1ca497861f,0.0,0.0175996467586857,0.0,0.0,0.017599647
0x954da244891733ab0badf630817d26d126d9fec8,0.0,0.0175450444292927,0.0,0.0,0.017545044
0xde7bffb56700030ba947ef443632b07c8120e808,0.0,0.0175287888435829,0.0,0.0,0.017528789
0x66dc433f54afb9c78c7b3bc7a6712af732a50487,0.0,0.017528783589359,0.0,0.0,0.017528784
0xbc258c53355e9d86a0aae8109841b26864b72c27,0.0,0.0173821930422583,0.0,0.0,0.017382193
0x1e78c54beaf6884df07d2387311d1ba23c818820,0.0,0.0173815875216125,0.0,0.0,0.017381588
0x7b0f8ae03b2fc1c1cca4249add49e4d8b9497421,0.0,0.0172955073812977,0.0,0.0,0.017295507
0xd8f733595f6fa6d63b0f77e75d07d67f7a18d39a,0.0,0.0172701626003704,0.0,0.0,0.017270163
0xf6666f75dbcb83347c9c4ab0f0c43e0c2bba2b29,0.0,0.0171871902437584,0.0,0.0,0.017187190
0x28376da964fab061ba92b36c9fcc8bc9d44d7eb3,0.0,0.0171824856462415,0.0,0.0,0.017182486
0x477f2acf9eb7f26db3ecbf3a667cffdc94ab3878,0.0,0.0170734827573824,0.0,0.0,0.017073483
0x881ccec3c27d83877263cdaa12a45d0437e1f0fe,0.0,0.0,0.0168169627240694,0.0,0.016816963
0x0a24399c46fc9b050496483bf359b396ebb8e679,0.0,0.0167917044251403,0.0,0.0,0.016791704
0xca84a912a7738a0fde36f6d0d519fbf253ef4957,0.0,0.0167223299913688,0.0,0.0,0.016722330
0xaa02ae7c33a6ab5f699ee8f77ddf08aba8086822,0.0,0.0166895924343731,0.0,0.0,0.016689592
0x75996027dcfb09784be564da5b50b938f22a7c54,0.0,0.0165658767572236,0.0,0.0,0.016565877
0x74aae58ecfab8b2d1da26dc248ffa9b3eef98c9a,0.0,0.0159183613302696,0.0,0.0,0.015918361
0x305d39c1bb6f8711362cf1dc9ffc6fb0c35f7fc4,0.0,0.0158896261190266,0.0,0.0,0.015889626
0x081bc1f62793fcd144a314ccf4a9f6ea419b2bc1,0.0,0.015673986417823,0.0,0.0,0.015673986
0xab88ac3af5c9aeb1a1a2043495374568eb439244,0.0,0.0156487063555305,0.0,0.0,0.015648706
0x8937e56f926c04205c27dce54e273c0dd171aa36,0.0,0.0156034985899457,0.0,0.0,0.015603499
0x2c15c4f6974febb7e2d9980a3fbb76838c2bd375,0.0,0.0155027045587921,0.0,0.0,0.015502705
0x9b95e427b41522a0184d8c67797495426640ec40,0.0,0.0154402957427424,0.0,0.0,0.015440296
0xad4489f64a8be791294116d3e99d2721c7f0a72a,0.0,0.0153423870198693,0.0,0.0,0.015342387
0x885d26765a096136cfeb1d216713ade4289641e0,0.0,0.0152946309696414,0.0,0.0,0.015294631
0x8c0878005d021cc01438dec24557bc5aed1babe0,0.0,0.0141888346578133,0.0,0.0,0.014188835
0xa3fa07309ee8dccb64d4bd1f34ed7e8f3b0e7cff,0.0,0.0140108260529923,0.0,0.0,0.014010826
0xb9787250110def1995705798841bfb03ca32254a,0.0,0.0133908568406765,0.0,0.0,0.013390857
0x1c34e317cf36e6f5e84167cff2779ecfd80e7cdd,0.0,0.0128896336832121,0.0,0.0,0.012889634
0x2e8013da3f112e0614799d3e1cec0146cc0d163f,0.0,0.0122094668334809,0.0,0.0,0.012209467
0xa0f2865c73774d22b2b210d885e86db4a7b661ce,0.0,0.0119558107832458,0.0,0.0,0.011955811
0x79780d4e3830004d7270c0c6f5708fb9bf50e3c9,0.0,0.0119125785643057,0.0,0.0,0.011912579
0x445a0fdc367385447412707874d45143736ec643,0.0,0.011413419337271,0.0,0.0,0.011413419
0x8222b88c548d0699da30b9ab7061186eb150cd72,0.0,0.011413419337271,0.0,0.0,0.011413419
0x389011d722e6aada5ee003d4f023943b9fdf54a0,0.0,0.0,0.0108305790506056,0.0,0.010830579
0xe7ff17c50de51c70e273f94d442b4634ea1b32c7,0.0,0.0108274299255961,0.0,0.0,0.010827430
0x84e9445f43995b0c6a4d4c1d40bb123571c2eb06,0.0,0.0107295088107378,0.0,0.0,0.010729509
0x865112a72ecbd3a55a1be77591f9958c5059032d,0.0,0.0106357027956378,0.0,0.0,0.010635703
0xa3a18f492ff2c55320cf4fad93299a7a1293a4ca,0.0,0.0106304328168395,0.0,0.0,0.010630433
0x9d80bd937c41f1c46c39533e75e0e4b1deb9e502,0.0,0.009089505413026,0.0,0.0,0.009089505
0x75c3dd7e854b77071e32a062386a9728348aef3d,0.0,0.0090230127687094,0.0,0.0,0.009023013
0x23687ed1aa5ef5988636bf0ee141afe95f77ca5f,0.0,0.0090230112665499,0.0,0.0,0.009023011
0x44b6a801e4009609f68c0a3fcf35225ec0fcc308,0.0,0.0089995853415353,0.0,0.0,0.008999585
0xa9ab3102ce698ce5d4d77c1ad90895afa1eb7266,0.0,0.008994535108602,0.0,0.0,0.008994535
0xd450d789f3452f6cb51ed5c25fe8b2144448ea41,0.0,0.0088788022581861,0.0,0.0,0.008878802
0xd0599dda0e082256dfd8ac8ebc4e2f5cc4f50af3,0.0,0.0088775888596022,0.0,0.0,0.008877589
0x4c6cceb3407b3e87dfa5cc8531ad4780cd5b807d,0.0,0.0088599149944596,0.0,0.0,0.008859915
0x2e624fd4c1e62530ba19b433dcb9aca41f9537dc,0.0,0.008844004380054,0.0,0.0,0.008844004
0x8377be4835732546eab943416be48206033b71dc,0.0,0.0088354992362742,0.0,0.0,0.008835499
0xf69afb5656163d7338f71a7903d6b54e9fcd57a1,0.0,0.0087975521290516,0.0,0.0,0.008797552
0x784533d01fb816e4619b602a28c963872ae42494,0.0,0.0087975507206421,0.0,0.0,0.008797551
0xaa709aeece974759f6cf69d30a61ddbaba2fdc7c,0.0,0.0087644111487966,0.0,0.0,0.008764411
0xcb045317f224a527be9e1fef32d5135dfa0ccf36,0.0,0.0087564684680505,0.0,0.0,0.008756468
0xffd1bc6b2a0a739ae425755a3704b8be9811cb65,0.0,0.0087051327920517,0.0,0.0,0.008705133
0x9a2c3fb8349c9b6b789627889150f2861af35955,0.0,0.0086708576244607,0.0,0.0,0.008670858
0x24e7dab5544e7ec3b9ce4ccec90c795fd6606870,0.0,0.0086562368218507,0.0,0.0,0.008656237
0x4c3d50688581f7f8669923793244d91c86a1a738,0.0,0.0086547636861795,0.0,0.0,0.008654764
0x18a6a62cbba2cc1cf29ab56ef3c954b41763da37,0.0,0.008647941005734,0.0,0.0,0.008647941
0xb373f8dd25d0869eb1d9dec370d0348096a83e43,0.0,0.0086093726764224,0.0,0.0,0.008609373
0xd2102effc39cb3e66078cd869cd1ba9412056432,0.0,0.0086093726764224,0.0,0.0,0.008609373
0x516cd0f32a9978bf2e77c8ea48f078b43bb5f068,0.0,0.0085639689774461,0.0,0.0,0.008563969
0x6eb5c136e93b1270d9f43928d8ae58b74d8b8f6f,0.0,0.0085553323029081,0.0,0.0,0.008555332
0xb8c789c79c44d1435d51fbcb066b294162d24b19,0.0,0.0085496430911249,0.0,0.0,0.008549643
0x9ae94b2ad4d334a8d79cfd02d930d365a3b4eeb1,0.0,0.0083716502667192,0.0,0.0,0.008371650
0xd85a1511a9c208612aea47633f0b18610a60d0c8,0.0,0.0079040495411134,0.0,0.0,0.007904050
0xfa67fc2901dd343d3324fc882fe7eb474354a6e2,0.0,0.0078783115223915,0.0,0.0,0.007878312
0xe600f698d1fac467e02e43b98dfcd78c57ce1deb,0.0,0.0078591106229658,0.0,0.0,0.007859111
0x48a8739fbc0bf5ecee120c45803043926994b0b0,0.0,0.0076804308642575,0.0,0.0,0.007680431
0x65303a95f2ca3d44b9e2728533c47998d999641f,0.0,0.0076526400383264,0.0,0.0,0.007652640
0x3402903186318cd240fe63fd8f93bd5234bdc1ea,0.0,0.0076089462248473,0.0,0.0,0.007608946
0x1afe369a452e7cb7122d039b4d814290e047d3ae,0.0,0.0070685585497887,0.0,0.0,0.007068559
0x31edecc4fc6e6c0d3248b9a4b9e651f7e02f82c3,0.0,0.0063649837441126,0.0,0.0,0.006364984
0x4ce5ad79fa2f7048065452b9fa9ef9b60a75fc09,0.0,0.0061889541323894,0.0,0.0,0.006188954
0x8d6af3fa29f90dc01c544c75ba9a16c2ed87fa12,0.0,0.0,0.005542101550505,0.0,0.005542102
0xdf52b6d91590de14a85561965c5e6eb91ef989c6,0.0,0.004755911614478,0.0,0.0,0.004755912
0xab498461ce4e399c17f6f0031f360f3b64a50bc7,0.0,0.0046209336929064,0.0,0.0,0.004620934
0x3ccccdacab1537c0e5dacee72931937e742b232b,0.0,0.0045619255786783,0.0,0.0,0.004561926
0xa67c9e0701a1c6dd21e42e0be41e0b8f537c29b2,0.0,0.0044768776304849,0.0,0.0,0.004476878
0xff08f103a63a653d518bd9f8a837b795c6f110c3,0.0,0.0044477527518417,0.0,0.0,0.004447753
0xe9b365d5bb967caec317127977917226c77c6003,0.0,0.0041819002300478,0.0,0.0,0.004181900
0x5a0b8dedfc06f1412484447d376119005bf85ddc,0.0,0.0039191210806817,0.0,0.0,0.003919121
0x3922315057742ee040e3c64987ea90c9cf9df7b5,0.0,0.003895358498672,0.0,0.0,0.003895358
0x6da0c6a8889089c9e466be8699992f19f0e18e3d,0.0,0.0035946344979273,0.0,0.0,0.003594634
0x43292c96d65d577e9ed7fe81ee9b1dd5bd49a6f7,0.0,0.0033608652443763,0.0,0.0,0.003360865
0x261e1fbc2d5c7200de55289dfab9ebbc5fd585be,0.0,0.0033347458675629,0.0,0.0,0.003334746
0x49e92b3111192890d5adeee7e3a80aa4866349a0,0.0,0.0033013699103855,0.0,0.0,0.003301370
0x85954b8c547aec4156d0ea100461c88100129fd5,0.0,0.0031422859429772,0.0,0.0,0.003142286
0x84861b33ba6c7ae0dc01e0e3192e74d133d9a13a,0.0,0.0030657083718078,0.0,0.0,0.003065708
0x77e46935fe498d8838a8aa89aa9630aca403a750,0.0,0.0028044942663709,0.0,0.0,0.002804494
0x4c20f6126a90568d39c9434f1950a5e0836269e7,0.0,0.0023410160688929,0.0,0.0,0.002341016
0xdefc90ba9ee9ad6fa534adcaebd817fea21e538d,0.0,0.001905773470382,0.0,0.0,0.001905773
0x1d4379cee8a6aaed1aa641bd36670048a233d680,0.0,0.0017518073405992,0.0,0.0,0.001751807
0x966086c35f902083f2ffb6d422866436b109a9a9,0.0,0.0017469706122776,0.0,0.0,0.001746971
0x6055db46a84df9652fe2a359e24c1ddbb5d7beb5,0.0,0.0017257528776958,0.0,0.0,0.001725753
0xb4a3108864258d7d71e07ea7aacedd7cc303d022,0.0,0.001678413399618,0.0,0.0,0.001678413
0x0f6852135c9404adf5a5c118ab78d30136013e00,0.0,0.0016541552708494,0.0,0.0,0.001654155
0x714120f3dcaff119e82b923fb28f203249293907,0.0,0.0016495289053369,0.0,0.0,0.001649529
0xb62c8f112014f8d24de7a5b3110f05a2db3893d8,0.0,0.001634865094699,0.0,0.0,0.001634865
0x7e0e1f3f16ca5ea9e9d673313513ec9d33fdd1e6,0.0,0.0016339578941303,0.0,0.0,0.001633958
0xf8fff207467d1645d0d7df063cf475a6da020849,0.0,0.0016334754058488,0.0,0.0,0.001633475
0xc1ec1d72a874e46943cf49f437be33e1a7f6519a,0.0,0.0016265293890736,0.0,0.0,0.001626529
0xc87266e53e7d58f3295633115f199c23665ba49b,0.0,0.0015919306776295,0.0,0.0,0.001591931
0x22355af6f3333bf567c0603358109470e653a2a7,0.0,0.0015823709525584,0.0,0.0,0.001582371
0x4a946f31f481b134f73910a31610c82ac579c5a4,0.0,0.0015640877833472,0.0,0.0,0.001564088
0xd27065aa082c16500b9999e38e1984e921f37111,0.0,0.0015619637439449,0.0,0.0,0.001561964
0xcde850e02a5d1ebedb5e1d2b177af8770354fdb7,0.0,0.001560457135029,0.0,0.0,0.001560457
0x56325dff86ba7c15b2960e484b59036f7f593a7d,0.0,0.001448145716808,0.0,0.0,0.001448146
0x7518837e2b76015154f40a16ddb4ee4acb01d5c6,0.0,0.0008873397175118,0.0,0.0,0.000887340
0x0c806aace8d2a3a682f9cc50e7f3948a04dc3539,0.0,0.0008582596641576,0.0,0.0,0.000858260
0xb43b36b72c57842e5cc4b70d85f99117b122c2b5,0.0,0.0008569522995284,0.0,0.0,0.000856952
0x01a56caf0f48acc0afc15e68e62f010a122e3f7e,0.0,0.0007955938534191,0.0,0.0,0.000795594
0x7e1e1c5ac70038a9718431c92a618f01f8dada18,0.0,0.0006806023295952,0.0,0.0,0.000680602
0x725a1fe791b9081492442518596a2e9e4dc4711b,0.0,0.00049205603039,0.0,0.0,0.000492056
0xe03727f8b10a30a4b2c5f43958b2b9e6ea2b4ac3,0.0,0.0,0.0004604856603347,0.0,0.000460486
0x4b5d2c264220fa0b30d6579eda16da9e838fa6d4,0.0,0.0,0.0004565254822607,0.0,0.000456525
0xd9e1d61d51b4d1ef7da8f09cabddcc59030bf872,0.0,0.0003776948552805,0.0,0.0,0.000377695
0x4a17f19a7b7fd329f97db116c2a09798f8c57ad0,0.0,0.0,0.0002617680071417,0.0,0.000261768
0xe481301c21f3ec7c6b5d0d30949196928eea7ab7,0.0,0.0001716519274317,0.0,0.0,0.000171652
0x119d895f66cfafd6dfbeb127e982cf9d08b01570,0.0,0.0001547240390063,0.0,0.0,0.000154724
0xcd248c5ccaaefab0a09a74a6f3d241dd67326824,0.0,0.0001109417325963,0.0,0.0,0.000110942
0x1f655685a4876fdb56da897118f67824d279abe5,0.0,2.15943732948e-05,0.0,0.0,0.000021594
0xbb0fbda9084b120fe1f224be7065aa0c82116354,0.0,8.5988325629e-06,0.0,0.0,0.000008599
0xdb6c7bb0a806695a4bd0d47e32fb7bb61ea27b7e,0.0,7.3680059771e-06,0.0,0.0,0.000007368
0x74a94f6e2d88849ed0cac07f5b7c9a05bc516ddc,0.0,2.645024362e-06,0.0,0.0,0.000002645
0x80f60cd83827e9f77d381955d8cd8c7143f626af,0.0,2.578956361e-06,0.0,0.0,0.000002579
0x0ac9f336000e7e07f416a19717539c8cdfcd690d,0.0,2.4685969049e-06,0.0,0.0,0.000002469
0x8540f80fab2afcae8d8fd6b1557b1cf943a0999b,0.0,2.2252817039e-06,0.0,0.0,0.000002225
0xf97f7ab7ad98590ecbf9d1870d976bb1acecb696,0.0,2.1423827662e-06,0.0,0.0,0.000002142
0xf74c9d36759999e87eb6940bc6724737d05d3f82,0.0,3.0840624125131226e-07,0.0,0.0,0.000000308
0xb58d591a41b9241effcee5b092abdb232f6603a9,0.0,2.326153545406632e-07,0.0,0.0,0.000000233
0xe6ca63cd295c84d6f184192dc8023960772dd321,0.0,1.6046235874083394e-07,0.0,0.0,0.000000160
0x28eb4085309fb7231a16ada0b10a6eebc575d278,0.0,1.1671858866087268e-07,0.0,0.0,0.000000117
0x6078dfa74f84650fd1461f8426741bd0ddc2c0b1,0.0,1.1154765801995404e-07,0.0,0.0,0.000000112
0x24ee7783c90ad7849c50121e46cfd00d8d13dcec,0.0,5.395613506308534e-08,0.0,0.0,0.000000054
0x893bbf6520261f004e7a151fe041c9c661e2e583,0.0,4.424780157651636e-09,0.0,0.0,0.000000004
0xc86b68363d1537f9b5936338bde83d4343710bfe,0.0,3.779363589881696e-16,0.0,0.0,0.000000000
0xf63622f3afa82daaa1adc2a45705da43c8689275,0.0,2.0924602118330312e-18,0.0,0.0,0.000000000
0xdf319da44618c85a48d2e5d5e42767ce0286869c,0.0,9.130735469816857e-19,0.0,0.0,0.000000000
0x6b9d90a764e26763fab590890296659dcf1bc6cb,0.0,7.608946224847392e-19,0.0,0.0,0.000000000
0x0b9efc1f4a028fcf0e8d62227853dfd7e79c7ee4,0.0,1.521789244969477e-19,0.0,0.0,0.000000000
